"1000",DATE
"1343",DATE
"1664",DATE
"1718",DATE
"1799",DATE
"1874",DATE
"1902",DATE
"1958",DATE
"1964",DATE
"1965",DATE
"1968",DATE
"1970",DATE
"1971",DATE
"1975",DATE
"1976",DATE
"1977",DATE
"1978",DATE
"1979",DATE
"1980",DATE
"1983",DATE
"1984",DATE
"1985",DATE
"1986",DATE
"1987",DATE
"1988",DATE
"1989",DATE
"1990",DATE
"1991",DATE
"1992",DATE
"1993",DATE
"1994",DATE
"1995",DATE
"1996",DATE
"1997",DATE
"1998",DATE
"1999",DATE
"2000",DATE
"2001",DATE
"2002",DATE
"2003",DATE
"2004",DATE
"2005",DATE
"2007",DATE
"2008",DATE
"2009",DATE
"2010",DATE
"2011",DATE
"2012",DATE
"2013",DATE
"2014",DATE
"2015",DATE
"2030",DATE
"2050",DATE
"2115",DATE
"2171",DATE
"2189",DATE
"2191",DATE
"2229",DATE
"2250",DATE
"2530",DATE
"2668",DATE
"2719",DATE
"2997",DATE
"Abr",DATE
"Abril 1",DATE
"Abril 10",DATE
"Abril 12",DATE
"Abril 14",DATE
"Abril 14,",DATE
"Abril 16",DATE
"Abril 18",DATE
"Abril 2",DATE
"Abril 24",DATE
"Abril 3",DATE
"Abril 4",DATE
"Abril 5",DATE
"Abril 8",DATE
"Abril 9",DATE
"Abril",DATE
"Agosto 12,",DATE
"Agosto 2,",DATE
"Agosto 20",DATE
"Agosto 23,",DATE
"Agosto 24,",DATE
"Apr",DATE
"April 14",DATE
"Araw ng Kagitingan",DATE
"Biyernes",DATE
"Dec",DATE
"December 28",DATE
"Dis",DATE
"Disyembre 12,",DATE
"Disyembre 19",DATE
"Disyembre 20",DATE
"Disyembre 3",DATE
"Disyembre",DATE
"Ene",DATE
"Enero 13,",DATE
"Enero 20",DATE
"Enero 22,",DATE
"Enero 24,",DATE
"Enero 25,",DATE
"Enero 26",DATE
"Enero 27,",DATE
"Enero 28,",DATE
"Enero 3",DATE
"Enero 9,",DATE
"Enero",DATE
"February 5,",DATE
"February 6",DATE
"Filipino community sa isang day",DATE
"Hul",DATE
"Hulyo 19",DATE
"Hulyo 20",DATE
"Hun",DATE
"Hunyo 20",DATE
"Hunyo 3",DATE
"Hunyo 7",DATE
"Hunyo 7,",DATE
"Hunyo 9",DATE
"Hunyo",DATE
"Huwebes",DATE
"Jan",DATE
"January 16",DATE
"Jul",DATE
"July 1,",DATE
"Jun",DATE
"June",DATE
"Labor Day",DATE
"Last anniversary",DATE
"Linggo",DATE
"Lunes",DATE
"Mar",DATE
"March 21",DATE
"March 24",DATE
"Marso 12",DATE
"Marso 13,",DATE
"Marso 15",DATE
"Marso 15,",DATE
"Marso 17,",DATE
"Marso 18",DATE
"Marso 19",DATE
"Marso 20",DATE
"Marso 21",DATE
"Marso 23",DATE
"Marso 25,",DATE
"Marso 26",DATE
"Marso 28",DATE
"Marso 29",DATE
"Marso 3",DATE
"Marso 4",DATE
"Marso 6,2012",DATE
"Marso 7",DATE
"Marso 7,",DATE
"Marso 8",DATE
"Marso 9",DATE
"Marso 9,",DATE
"Marso 9,2012",DATE
"Marso",DATE
"Martes",DATE
"May 13",DATE
"May 20",DATE
"May 24",DATE
"May 26",DATE
"May 3",DATE
"May 5",DATE
"May 5,",DATE
"May",DATE
"Mayo 1",DATE
"Mayo 16,",DATE
"Mayo 20",DATE
"Mayo 26",DATE
"Mayo 26,",DATE
"Mayo 5,",DATE
"Mayo 6,",DATE
"Mayo 7",DATE
"Mayo",DATE
"Miyerkules",DATE
"Mon",DATE
"National Respect for Centenarians Day",DATE
"Nob",DATE
"Nobyembre 20",DATE
"Nobyembre 23,",DATE
"Nobyembre",DATE
"Okt",DATE
"Oktubre 1",DATE
"Oktubre 20",DATE
"Oktubre",DATE
"Pebrero 22,",DATE
"Pebrero 23",DATE
"Pebrero 24",DATE
"Pebrero 26",DATE
"Pebrero 27",DATE
"Pebrero 27,",DATE
"Pebrero 3,",DATE
"Pebrero 5",DATE
"Pebrero 6,",DATE
"Pebrero 7,",DATE
"Pebrero",DATE
"Sabado",DATE
"Sept",DATE
"Setyembre 19",DATE
"Setyembre 25",DATE
"Sun",DATE
"Thursday",DATE
"Tingnan mo naman ngayong anniversary",DATE
"What time of the day",DATE
"Women's Day",DATE
"aari ng mga day",DATE
"abr",DATE
"ago",DATE
"ang graduation day",DATE
"anibersaryo ng NPA noong nakalipas na",DATE
"anibersaryo ng PSN sa temang",DATE
"anibersaryo ng PSN sapagka",DATE
"anibersaryo ng Pilipino Star NGAYON",DATE
"anibersaryo ng Pilipino Star Ngayon",DATE
"anibersaryo ng Presidential Security Group sa",DATE
"anibersaryo ng komunistang grupo sa darating",DATE
"apr",DATE
"araw ng Korte Suprema ang",DATE
"araw ng Miyerkoles nila",DATE
"araw ng bakasyon",DATE
"araw ng friendly match laban sa",DATE
"araw ng halalan sa",DATE
"araw ng halalan",DATE
"araw ng impeachment trial ang officer",DATE
"araw ng impeachment trial",DATE
"araw ng linggo ay may nakikita",DATE
"araw ng mga kababaihan",DATE
"araw ng mga polluters sa Taal",DATE
"araw ng pagdinig ang pinsan ni",DATE
"araw ng pagdinig ng Senate impeachment",DATE
"araw ng pagtatapos ng klase ng",DATE
"barred day",DATE
"bride sa kanilang wedding day",DATE
"dec",DATE
"dinaranas nila habang nasa day",DATE
"dis",DATE
"ene",DATE
"founding anniversary",DATE
"fri",DATE
"ginagawa ng ilang day",DATE
"hul",DATE
"hun",DATE
"ika-26 anibersaryo ng Pilipino Star NGA",DATE
"ika-26 anibersaryo ng pahayagang ito ay pormal",DATE
"jan",DATE
"jun",DATE
"kahit nasa day",DATE
"linggo",DATE
"mar",DATE
"may 1",DATE
"may 1,",DATE
"may 11",DATE
"may 12",DATE
"may 17,",DATE
"may 19",DATE
"may 2",DATE
"may 20,",DATE
"may 24",DATE
"may 26",DATE
"may 28",DATE
"may 3",DATE
"may 3,",DATE
"may 4",DATE
"may 5",DATE
"may 5,",DATE
"may 6",DATE
"may 8",DATE
"may 9",DATE
"may",DATE
"mayo",DATE
"mon",DATE
"nang parami ang mga day",DATE
"nob",DATE
"oct",DATE
"okt",DATE
"pages sa isang anniversary",DATE
"players sa kanilang silver anniversary",DATE
"sat",DATE
"sep",DATE
"sept",DATE
"set",DATE
"sun",DATE
"th anniversary",DATE
"thu",DATE
"tue",DATE
"wed",DATE
"ADMAN",LOCATION
"AFP Medical Center",LOCATION
"AFP",LOCATION
"AMLA",LOCATION
"APN",LOCATION
"Abaya",LOCATION
"Accreditation",LOCATION
"Al Barka, Basilan",LOCATION
"Amerika",LOCATION
"Amerika,â?",LOCATION
"Ampatuan, Maguindanao",LOCATION
"Anti-Dummy Law",LOCATION
"Anti-Graft",LOCATION
"Antipolo",LOCATION
"Antonio",LOCATION
"Aramco",LOCATION
"Araneta Avenue, Quezon City",LOCATION
"Araw-araw",LOCATION
"Arlington Funeral Homes",LOCATION
"Arlington Memorial Chapel",LOCATION
"Arquiza St",LOCATION
"Article 1409",LOCATION
"Article 2",LOCATION
"Artikulo 5",LOCATION
"Asian Institute of Management",LOCATION
"Asya",LOCATION
"Asya, NBI",LOCATION
"Atlanta",LOCATION
"Australia",LOCATION
"Autonomous Region for Muslim Mindanao",LOCATION
"Ayala",LOCATION
"Azkals",LOCATION
"BFP",LOCATION
"BFP,",LOCATION
"BGEI",LOCATION
"BI",LOCATION
"BIR-12",LOCATION
"BSP",LOCATION
"Baguio",LOCATION
"Bahrain",LOCATION
"Balikatan 2012",LOCATION
"Bani Jabr",LOCATION
"Bar",LOCATION
"Barangay 659",LOCATION
"Batangas",LOCATION
"Bayug Falls Ele­mentary School",LOCATION
"Ba­rangay Tacayan",LOCATION
"Belagio",LOCATION
"Bellagio",LOCATION
"Berlin",LOCATION
"Bicutan",LOCATION
"Bicutan, Taguig City",LOCATION
"Bise Presidente",LOCATION
"Bonifacio Ridge",LOCATION
"Brgy",LOCATION
"Brunei",LOCATION
"Buenas Aires, Argentina",LOCATION
"Bulacan",LOCATION
"Bustillos, Manila",LOCATION
"C-5",LOCATION
"CARAGA Region nitong Biyernes",LOCATION
"Cagayan",LOCATION
"Camarines Sur",LOCATION
"Camp Aguinaldo,",LOCATION
"Camp Bagong Diwa",LOCATION
"Camp Bagong Diwa, Bicutan, Taguig City",LOCATION
"Camp Bagong Diwa, Taguig City",LOCATION
"Canada",LOCATION
"Capiz",LOCATION
"Caraga Regional Hospital",LOCATION
"Carrascal, Surigao",LOCATION
"Cavite",LOCATION
"Cebu City",LOCATION
"Cebu City, Butuan City, San Agustin, Surigao",LOCATION
"Cebu",LOCATION
"Central Luzon,",LOCATION
"Century Park",LOCATION
"Chile, Japan,",LOCATION
"China",LOCATION
"China,",LOCATION
"City Council",LOCATION
"City Hall",LOCATION
"City",LOCATION
"Civil Case Nos",LOCATION
"Civil Cases",LOCATION
"Civil Service Commission",LOCATION
"Classified Ads,",LOCATION
"Climate Change",LOCATION
"Clinic ng Bayan",LOCATION
"Coconut Palace",LOCATION
"Code of Conduct",LOCATION
"Colorectal Cancer Awareness Month",LOCATION
"Colorectal",LOCATION
"Comelec",LOCATION
"Comelec,",LOCATION
"Commission on Elections",LOCATION
"Committee on Higher",LOCATION
"Commonwealth Avenue",LOCATION
"Corona",LOCATION
"Cotabato City",LOCATION
"DENR",LOCATION
"DILG",LOCATION
"DOE,",LOCATION
"DOH,",LOCATION
"DOLE",LOCATION
"DSWD",LOCATION
"Damascus",LOCATION
"Damascus,",LOCATION
"Dammam",LOCATION
"Dapitan,",LOCATION
"Dar Al Sharq",LOCATION
"DepEd Order No",LOCATION
"DepEd",LOCATION
"Department of Budget",LOCATION
"Department of Energy",LOCATION
"Department of Foreign Affairs",LOCATION
"Department of Fo­reign Affairs",LOCATION
"Department of Transportation",LOCATION
"Department of Public Services",LOCATION
"Departmet of Tourism",LOCATION
"Deped-BALSâ??s Alternative Learning Systemâ??s Accreditation",LOCATION
"Diamond Hotel",LOCATION
"Diliman",LOCATION
"Display Ads",LOCATION
"Divisoria",LOCATION
"Diyos",LOCATION
"Dubai",LOCATION
"EDSA People Power I,",LOCATION
"EDSA",LOCATION
"EDSA,",LOCATION
"Earth Hour",LOCATION
"East",LOCATION
"Edsa",LOCATION
"Elementarya",LOCATION
"Embahada ng Pilipinas",LOCATION
"Esperanza",LOCATION
"Estados Unidos",LOCATION
"Ethics",LOCATION
"Fiji",LOCATION
"Financial Action Task Force",LOCATION
"Financial",LOCATION
"Finland",LOCATION
"Finland,",LOCATION
"Fort",LOCATION
"Fraser Health",LOCATION
"Freeport Zone",LOCATION
"GAB",LOCATION
"Gaisano",LOCATION
"Games",LOCATION
"Gen",LOCATION
"General Court Martial",LOCATION
"General Luna, Surigao",LOCATION
"General Santos City",LOCATION
"General Santos",LOCATION
"Geniston",LOCATION
"Germany",LOCATION
"Gitnang Silangan",LOCATION
"Gitnang Silangan,",LOCATION
"Gitnang Sila­ngan",LOCATION
"Government Service Insurance System",LOCATION
"Grade VI",LOCATION
"Grand Central",LOCATION
"HK",LOCATION
"Hacienda Luisita",LOCATION
"Hangzhou International Airport",LOCATION
"Hibok-hibok, Camiguin",LOCATION
"High Court",LOCATION
"High School",LOCATION
"Hilagang Luzon",LOCATION
"Hinigaran, Negros Occidental",LOCATION
"Holy Week",LOCATION
"Hong Kong Police",LOCATION
"Hontiveros-Baraquel, Ruffy Biazon, Danny Lim",LOCATION
"House Bill 5799",LOCATION
"House Bill",LOCATION
"House Committee on Public Order",LOCATION
"House Committee on Suffrage",LOCATION
"House Ethics Committee",LOCATION
"House Ethics",LOCATION
"House of Representative Ethics Committee",LOCATION
"House of Representatives",LOCATION
"House of Representatives noong Disyembre 12",LOCATION
"House of Representtives",LOCATION
"Huwebes, Marso 15",LOCATION
"IACAT",LOCATION
"ICU",LOCATION
"IFP,",LOCATION
"III",LOCATION
"Iligan City,",LOCATION
"Ilo­ilo",LOCATION
"Indonesia",LOCATION
"Indonesia, Thailand",LOCATION
"Indonesia,Thailand",LOCATION
"Information",LOCATION
"Ingles",LOCATION
"Integrated Bar of the Philippines",LOCATION
"Interior Ministry ng Yemen",LOCATION
"Internet",LOCATION
"Iran,",LOCATION
"Japan",LOCATION
"Kabataan Division",LOCATION
"Kabataan Sanaysay,",LOCATION
"Kalakhang Maynila",LOCATION
"Kamara ni Cavite Rep",LOCATION
"Kamara",LOCATION
"Karanasan,",LOCATION
"Kasaysayan",LOCATION
"Katiwalian",LOCATION
"Kingdom of Saudi Arabia",LOCATION
"Kolonwel Trading",LOCATION
"Kongreso",LOCATION
"Konstitusyon",LOCATION
"Kore Suprema",LOCATION
"Korean",LOCATION
"Koreano",LOCATION
"Korte Suprema",LOCATION
"Kota Kinabalu",LOCATION
"Kuala Lumpur",LOCATION
"Kuwaresma",LOCATION
"Kuwaresma­",LOCATION
"LPG",LOCATION
"LRA",LOCATION
"LTFRB",LOCATION
"La Vista Subdivision",LOCATION
"La Vista",LOCATION
"La Vista, Quezon City",LOCATION
"Laguna",LOCATION
"Lanao",LOCATION
"Land Transportation Franchising",LOCATION
"Las Piñas City",LOCATION
"Las Piñas",LOCATION
"Las Vegas, Nevada",LOCATION
"Libingan ng mga Bayani",LOCATION
"Lion Fiscal Year 2010",LOCATION
"Lion Fiscal Year 2011",LOCATION
"Lions",LOCATION
"Lipa City, Batangas",LOCATION
"Lipa City, Ba­tangas",LOCATION
"London",LOCATION
"Los Baños National High School",LOCATION
"Loyola Memorial Chapels",LOCATION
"Lunes,",LOCATION
"Luzon Expressways Network",LOCATION
"Luzon",LOCATION
"MGM Grand",LOCATION
"MM",LOCATION
"MMEIRS,",LOCATION
"MPD",LOCATION
"MRT",LOCATION
"Maceda Integrated School ang",LOCATION
"Maguindanao",LOCATION
"Mahal",LOCATION
"Mahrah",LOCATION
"Maintenance",LOCATION
"Makati City",LOCATION
"Makati",LOCATION
"Malacañang",LOCATION
"Malate Church",LOCATION
"Malaysia",LOCATION
"Malaysia,",LOCATION
"Malaysia, tumayo",LOCATION
"Manat National High School",LOCATION
"Manila City",LOCATION
"Manila North Cemetery",LOCATION
"Manila Peninsula Hotel",LOCATION
"Manila Peninsula Hotel, na",LOCATION
"Manila Polo Club",LOCATION
"Manila RTC",LOCATION
"Manila Regional Trial Court",LOCATION
"Manila",LOCATION
"Mansion House",LOCATION
"Manuel L",LOCATION
"Marawi City",LOCATION
"Marawi City, Lanao",LOCATION
"Marikina City",LOCATION
"Marikina",LOCATION
"Marso 31",LOCATION
"May 2013",LOCATION
"Maynila",LOCATION
"McKinley Hill",LOCATION
"McKinley",LOCATION
"Mean Sea",LOCATION
"Medical City",LOCATION
"Metro Manila District Jail",LOCATION
"Metro Manila",LOCATION
"Metro Manila, Cavite, Laguna, Batangas, Quezon",LOCATION
"Metro Manila, Visayas",LOCATION
"Metro­ Manila",LOCATION
"Mindanao",LOCATION
"Mining Act",LOCATION
"Min­",LOCATION
"Min­danao",LOCATION
"Munti",LOCATION
"Munti,",LOCATION
"Muntinlupa",LOCATION
"NAIA,",LOCATION
"NBI",LOCATION
"NBI,",LOCATION
"NBN-ZTE",LOCATION
"NCAA",LOCATION
"NCR",LOCATION
"NGAYON",LOCATION
"NLEX",LOCATION
"NPA",LOCATION
"National Bilibid Prison",LOCATION
"National Capital Region",LOCATION
"National Government",LOCATION
"Negros Oriental",LOCATION
"Negros",LOCATION
"New Bilibid Prison",LOCATION
"New York, USA",LOCATION
"Nigeria",LOCATION
"Nigeria, Libya, South Sudan",LOCATION
"Ninoy Aquino International Airport",LOCATION
"North Cemetery",LOCATION
"North Korean",LOCATION
"Northern",LOCATION
"Nuclear Safety",LOCATION
"OBC",LOCATION
"OFW",LOCATION
"OFW's",LOCATION
"Obando",LOCATION
"Office of the Bar Confidant",LOCATION
"Office of the Ombudsman",LOCATION
"Oil Deregulation Law",LOCATION
"Olympic Games",LOCATION
"Ombudsman",LOCATION
"Ordinance No 8264",LOCATION
"Ortega",LOCATION
"P0",LOCATION
"P1",LOCATION
"P1-libo",LOCATION
"P10",LOCATION
"P102-million",LOCATION
"P125",LOCATION
"P16,500,000",LOCATION
"P2",LOCATION
"P2,000",LOCATION
"P20,000",LOCATION
"P21",LOCATION
"P21,636,781",LOCATION
"P243",LOCATION
"P2milyon",LOCATION
"P3",LOCATION
"P455-million",LOCATION
"P5",LOCATION
"P5,000",LOCATION
"P5,872",LOCATION
"P500,989",LOCATION
"P670",LOCATION
"P70,000",LOCATION
"P75",LOCATION
"P8",LOCATION
"P80,000",LOCATION
"P858",LOCATION
"PAGASA",LOCATION
"PAGASA, ang",LOCATION
"PICC",LOCATION
"PMA",LOCATION
"PNP",LOCATION
"POEA",LOCATION
"PPI",LOCATION
"PPUR",LOCATION
"PSN",LOCATION
"PSN,",LOCATION
"PSNGAYON",LOCATION
"PSNgayon",LOCATION
"Pacific Ocean",LOCATION
"Pag-Ibig",LOCATION
"Pagcor",LOCATION
"Palagay Nyo",LOCATION
"Palasyo",LOCATION
"Palawan",LOCATION
"Pamahalaan",LOCATION
"Pampanga",LOCATION
"Panay",LOCATION
"Pangasinan",LOCATION
"Panginoon",LOCATION
"Panginoong Diyos",LOCATION
"Pangulo",LOCATION
"Parañaque City",LOCATION
"Parañaque Regional Trial Court",LOCATION
"Parañaque",LOCATION
"Pasay City Government",LOCATION
"Pasay City Mall",LOCATION
"Pasay City Market Mall",LOCATION
"Pasay City Regional Trial Court",LOCATION
"Pasay City",LOCATION
"Pasay Public",LOCATION
"Pasig City",LOCATION
"Pasig City,",LOCATION
"Petron Blaze ni Ato Agustin",LOCATION
"PhIlHealth",LOCATION
"Philippine Air Force",LOCATION
"Philippine Army",LOCATION
"Philippine Embassy",LOCATION
"Philippine Information Agency,",LOCATION
"Philippine Investment",LOCATION
"Philippine Military Academy",LOCATION
"Philippine Navy",LOCATION
"Philippine Normal University",LOCATION
"Philippine Savings Bank",LOCATION
"Philippine Sa­vings Bank",LOCATION
"Phnom Penh, Cambodia",LOCATION
"Pilipinas",LOCATION
"Pilipinas,",LOCATION
"Pilipino Star NGAYON",LOCATION
"Pilipino Star NGAYON:",LOCATION
"Pilipino Star Ngayon",LOCATION
"Pilipino Star Ngayon-Middle East",LOCATION
"Pilipino Star",LOCATION
"Pinas ni Joma",LOCATION
"Pinas",LOCATION
"Pinas,",LOCATION
"Post Office Box",LOCATION
"President/CEO,",LOCATION
"Presidential Electoral Tribunal",LOCATION
"Press Reader",LOCATION
"Public Employment Service Office",LOCATION
"Puerto Prin­",LOCATION
"QC,",LOCATION
"Qatar",LOCATION
"Qatar,",LOCATION
"Quezon City Circle",LOCATION
"Quezon City",LOCATION
"Quezon",LOCATION
"Quiapo",LOCATION
"Quiapo, Maynila",LOCATION
"Quirino",LOCATION
"RA 8291",LOCATION
"RH",LOCATION
"Red Notice List ng Interpol",LOCATION
"Region 1",LOCATION
"Region 12",LOCATION
"Region 3",LOCATION
"Regions",LOCATION
"Reproductive Health Bill Forum",LOCATION
"Republic Act 9208",LOCATION
"Resolution 278",LOCATION
"Rizal Memorial Football Stadium",LOCATION
"Roman Curia",LOCATION
"SALN ni Abad",LOCATION
"SALN ni Corona",LOCATION
"SALN",LOCATION
"SLEX",LOCATION
"SSS",LOCATION
"SSS, Pag-Ibig, Philhealth",LOCATION
"Sabah",LOCATION
"Sabah, Malaysia",LOCATION
"Saba­h Tinitingnan",LOCATION
"Salita ng Diyos",LOCATION
"San Beda College",LOCATION
"San Luis",LOCATION
"San MIguel ni Norman Black",LOCATION
"San Ramon",LOCATION
"Sanaa",LOCATION
"Saudi Arabia",LOCATION
"Saudi Reconciliation Committee",LOCATION
"Saudi",LOCATION
"Section 8",LOCATION
"Seksyon 3601",LOCATION
"Semana Santa",LOCATION
"Semana Santa,",LOCATION
"Semana",LOCATION
"Senado",LOCATION
"Senate Committee on Ethics",LOCATION
"Senate",LOCATION
"Senatorial",LOCATION
"Seoul",LOCATION
"Seoul, South Korea",LOCATION
"Seoul, sinabi ni Binay",LOCATION
"Se­nate Committees on Public Information",LOCATION
"Se­nate",LOCATION
"Shanghai",LOCATION
"Shau Kei Wan,",LOCATION
"Siksik-Liglig",LOCATION
"Singapore",LOCATION
"Smokey Mountain",LOCATION
"SoKor",LOCATION
"Social Security System",LOCATION
"South Cotabato",LOCATION
"South Korea",LOCATION
"South Korea,",LOCATION
"South Korean",LOCATION
"South Luzon Expressway",LOCATION
"South Sudan",LOCATION
"Southeast Asian Games, Asian Games",LOCATION
"Special Program of Employment for Students",LOCATION
"Spratly",LOCATION
"St",LOCATION
"Sta",LOCATION
"Star Group of Publications",LOCATION
"Star",LOCATION
"Statement of Assets Liabilities",LOCATION
"Statement of Assets, Liabilities",LOCATION
"Sulu, Zamboanga",LOCATION
"Surigao City",LOCATION
"Surigao",LOCATION
"Syria",LOCATION
"TB",LOCATION
"TRO",LOCATION
"TUCP",LOCATION
"TV Patrol",LOCATION
"Taal Lake",LOCATION
"Taal",LOCATION
"Tacurong City",LOCATION
"Taguig City,",LOCATION
"Taguig Pateros Hospital",LOCATION
"Taguig",LOCATION
"Taguig-Pateros Hospital",LOCATION
"Tagum City,",LOCATION
"Taiwan",LOCATION
"Talosa",LOCATION
"Tampakan",LOCATION
"Tandang Sora",LOCATION
"Tawau",LOCATION
"Tayasan",LOCATION
"Ten Outstanding Policemen of the Philippines",LOCATION
"Thailand",LOCATION
"The Peninsula Manila",LOCATION
"The Peninsula",LOCATION
"Tier 2",LOCATION
"Tinapayan",LOCATION
"Tokyo",LOCATION
"Tokyo, Japan",LOCATION
"Tourism Investment",LOCATION
"Truth Commission",LOCATION
"Tuason-Arroyo",LOCATION
"Tuburan, Cebu",LOCATION
"Turkey",LOCATION
"Turkey,",LOCATION
"UAAP",LOCATION
"UP-Los Banos",LOCATION
"UPLB",LOCATION
"US Centers for Disease Control",LOCATION
"US",LOCATION
"US, Middle East, Europe, Australia",LOCATION
"Underground River",LOCATION
"United Arab Emirates, Oman, Syria, Lebanon, Kuwait, Jordan",LOCATION
"United Nations Security Council",LOCATION
"United Nations",LOCATION
"University of Santo Tomas",LOCATION
"University of the Philippines Los Baños, Laguna",LOCATION
"University of the Philippines",LOCATION
"VAT",LOCATION
"Valentineâ??s Day",LOCATION
"Valentineâ??s",LOCATION
"Veterans Memorial Medical Center",LOCATION
"VisMin",LOCATION
"Visayas",LOCATION
"Visayas,",LOCATION
"Visita Iglesia",LOCATION
"Vizconde",LOCATION
"Wage Board",LOCATION
"Wall Street Journal",LOCATION
"Webster Encyclopedia",LOCATION
"West Valley",LOCATION
"Widescope Property Management Corp",LOCATION
"Widescope Property Management",LOCATION
"Widescope",LOCATION
"Witness Protection Program",LOCATION
"Xaviervill",LOCATION
"Yemen",LOCATION
"Zamboanga",LOCATION
"Zapote",LOCATION
"ABS-CBN",PERSON
"AFC Chairman of Disciplinary Committee Lim Kia Tong",PERSON
"AFP Chief of Staff Lt. Gen. Jessie Dellosa",PERSON
"AFP Deputy Chief for Intelligence",PERSON
"AFP Public Affairs Office Chief Col. Arnulfo Marcelo Burgos Jr.",PERSON
"AFP Public Affairs Office",PERSON
"AMLC Executive Director Vicente Aquino",PERSON
"Abalos",PERSON
"Abalos,",PERSON
"Abalos­",PERSON
"Acop",PERSON
"Acorda",PERSON
"Acquia",PERSON
"Agham",PERSON
"Agriculture Secretary Proceso Alcala,",PERSON
"Aguilon",PERSON
"Aguilon,",PERSON
"Aguirre",PERSON
"Aguirre,",PERSON
"Aguir­re",PERSON
"Aguir­re,",PERSON
"Albay Rep",PERSON
"Alcala",PERSON
"Alcala,",PERSON
"Alejandro",PERSON
"Aleli Arroyo,",PERSON
"Aleli",PERSON
"Aleli,",PERSON
"Alfred Dalison",PERSON
"Allan Tanjusay,",PERSON
"Almadin",PERSON
"Almendras",PERSON
"Ambassador Antonio Villamor para",PERSON
"Amelia Guevarra",PERSON
"American",PERSON
"Ampatuan Sr.",PERSON
"Ampatuan",PERSON
"Ana Basa",PERSON
"Ana",PERSON
"Ana,",PERSON
"Anakbayan",PERSON
"Andal Ampatuan Sr.",PERSON
"Andal Sr.",PERSON
"Ang Kasangga Partylist Rep",PERSON
"Angara",PERSON
"Angeles",PERSON
"Angelo Guirado",PERSON
"Angie",PERSON
"Antipolo Rep",PERSON
"Anton Wong Lim",PERSON
"Anwaray",PERSON
"Aquino",PERSON
"Aquino,",PERSON
"Aquino upang",PERSON
"Aquirre",PERSON
"Araceli Bayuga,",PERSON
"Archbishop Palma,",PERSON
"Ardo",PERSON
"Arevalo",PERSON
"Arevalo,",PERSON
"Army Chief Lt. Gen. Emmanuel Bautista,",PERSON
"Army",PERSON
"Arroyo",PERSON
"Arroyo,",PERSON
"Associate Justice Antonio Carpio",PERSON
"Associate Justice Antonio Carpio,",PERSON
"Asst State Prosecutor Stewart Allan Mariano, Asst State Prosecutor Vimar Barcellano",PERSON
"Asst",PERSON
"Atienza",PERSON
"Atty. Aguirre",PERSON
"Atty. Argee Guevarra,",PERSON
"Atty. Benjamin Santos,",PERSON
"Atty. Brigido Dulay",PERSON
"Atty. Darwin Icay,",PERSON
"Atty. Democrito Mendoza",PERSON
"Atty. Democrito Mendoza,",PERSON
"Atty. Demo­crito Mendoza,",PERSON
"Atty. Dennis Bernard Acorda,",PERSON
"Atty. Dennis Pangan,",PERSON
"Atty. Esmeralda Ladra",PERSON
"Atty. Ferdinand Topacio",PERSON
"Atty. Ferdinand Topacio,",PERSON
"Atty. Frank­lin Ladores,",PERSON
"Atty. Lorna Kapunan,",PERSON
"Atty. Manuel Iway,",PERSON
"Atty. Nena Santos,",PERSON
"Atty. Rogelio Garcia,",PERSON
"Attys",PERSON
"Aurora Rep",PERSON
"Ayatullah",PERSON
"BFAR Director Asis Perez",PERSON
"BI Commissioner Ricardo David Jr.",PERSON
"BIR Commissioner Kim Jacinto-Henares",PERSON
"BIR Region",PERSON
"BJMP",PERSON
"BS Agriculture",PERSON
"Baby",PERSON
"Balais,",PERSON
"Balajadia",PERSON
"Baldoz",PERSON
"Baldoz,",PERSON
"Barbadillo",PERSON
"Bau­tista",PERSON
"Bayan Muna Rep",PERSON
"Bayuga",PERSON
"Bayuga,",PERSON
"Ba­lajadia",PERSON
"Bb. Ellen Fernando",PERSON
"Belleza",PERSON
"Belmonte",PERSON
"Belmonte,",PERSON
"Belomnte,",PERSON
"Benedict XVI",PERSON
"Bernadeth Birosel,",PERSON
"Bernard Penaranda",PERSON
"Betty Go Belmonte",PERSON
"Betty Go-Belmonte",PERSON
"Bianca, Dina",PERSON
"Bill Clinton, Nelson Mandela, Plato, Oprah Winfrey, Gustave Flaubert, Maya Angelou, Steve Jobs,",PERSON
"Binay",PERSON
"Binay,",PERSON
"Bise-President Jejomar Binay",PERSON
"Bishop Bastes,",PERSON
"Bishop Dan Balais",PERSON
"Blake Clinton Dy,",PERSON
"Blessed John Paul II",PERSON
"Boy Abunda",PERSON
"Boy",PERSON
"Braganza ng Pangasinan, Local Government Unit",PERSON
"Brig. Gen. Roberto Almadin,",PERSON
"BuCor",PERSON
"Budget Secretary Florencio Abad",PERSON
"Bulacan Gov",PERSON
"Bulacan Governor Willy",PERSON
"Bureau of Correction Director Gaudencio Pa­ngilinan",PERSON
"Bureau of Corrections",PERSON
"Bureau of Internal Revenue",PERSON
"Burgos",PERSON
"Burgos may",PERSON
"Butch Quejada/Gemma Garcia",PERSON
"Butch Quejada/Malou Escudero",PERSON
"CGMA",PERSON
"CJ Corona",PERSON
"CJ Corona,",PERSON
"Caber,",PERSON
"Cabunoc",PERSON
"Cacdac",PERSON
"Cadet First Class Angeline Esmeria",PERSON
"Cadet Tom Puertollano",PERSON
"Cadet Tom Puertollano,",PERSON
"Cadets First Class Jose Mari Cabrera ng Cebu City,",PERSON
"Cadinal Sanchez",PERSON
"Cagayan Rep",PERSON
"Cajayon",PERSON
"Calixto",PERSON
"Caloocan City Mayor Enrico",PERSON
"Caloocan City Vice-Ma­yor Edgar Erice",PERSON
"Caloocan Rep",PERSON
"Camaligan",PERSON
"Camaligan,",PERSON
"Camarines Sur Cong",PERSON
"Captain Reylan Java,",PERSON
"Cardinal Jose Sanchez",PERSON
"Cardinal Sanchez",PERSON
"Carpio",PERSON
"Casino",PERSON
"Casiño",PERSON
"Castelo",PERSON
"Catholic Bishops Conference of the Philippines",PERSON
"Cavite Rep",PERSON
"Cayetano",PERSON
"Celso",PERSON
"Chairwoman Ligaya V. Santos",PERSON
"Chairwoman Santos",PERSON
"Charina Corona",PERSON
"Charina",PERSON
"Chief Justice Corona",PERSON
"Chief Justice Renato Corona Navotas Rep",PERSON
"Chief Justice Renato Corona",PERSON
"Chief Justice Renato Corona,",PERSON
"Chief Justice Re­nato Corona",PERSON
"Chief Supt. Agrimero Cruz Jr.",PERSON
"China Premier Wen Jiabao",PERSON
"Chot Reyes",PERSON
"Chris Panganiban",PERSON
"Christy Ramos,",PERSON
"Col. Alexander Macario,",PERSON
"Col. Prudencio Asto, Chief ng Public Affairs Office ng Armyâ??s",PERSON
"Colmenares",PERSON
"Colmenares,",PERSON
"Coloma",PERSON
"Coloma,",PERSON
"Comelec Chairman Sixto Brillantes",PERSON
"Commission on Elections Commissioner Elias Yusoph",PERSON
"Communist Party of the Philippines",PERSON
"Congressman",PERSON
"Corona ng P37",PERSON
"Corona'",PERSON
"Corona,",PERSON
"Corona, ipiprisinta",PERSON
"Corona,â?",PERSON
"Corrections Director Gaudencio Pangilinan,",PERSON
"Cory Aquino",PERSON
"Coseteng ng mga P200",PERSON
"Coseteng",PERSON
"Cotabato",PERSON
"Court Administrator Jose Midas Marquez",PERSON
"Criminal Investigation",PERSON
"Crisostomo,",PERSON
"Cristina Corona",PERSON
"Cristina Corona,",PERSON
"Cristina",PERSON
"Cristobal",PERSON
"Cristy Ramos,",PERSON
"Cruz",PERSON
"Cuevas,",PERSON
"Customs Commissioner Ruffy Biazon,",PERSON
"DDB Chairman Secretary Antonio",PERSON
"DENR Sec. Ramon Jesus Paje",PERSON
"DENR Secretary Ramon Paje",PERSON
"DFA",PERSON
"DILG Secretary Jesse Robredo",PERSON
"DOH Center for Health Development for Metro Manila",PERSON
"DOLE USec",PERSON
"DOST Sec. Mario Montejo",PERSON
"DOTC Sec. Mar Roxas",PERSON
"DTI Undersecretary Zenaida Maglaya",PERSON
"Dangerous Drugs Board Chief of Staff Jeffrey Patawaran",PERSON
"Dante Jimenez, ng Volunteers Against Crime",PERSON
"Datumanong",PERSON
"Davao City Rep",PERSON
"Davao Rep",PERSON
"De Lima",PERSON
"Defense",PERSON
"Del Pilar, Rangel, Gerardo, Kasala",PERSON
"Dela Cruz",PERSON
"Dellosa",PERSON
"Demetrio Vicente",PERSON
"Demetrio Vicente, ang",PERSON
"Dennis Manalo,",PERSON
"Department of Environment",PERSON
"Department of Interior",PERSON
"Department of Labor",PERSON
"Deputy House Speaker Erin Tañada III",PERSON
"Deputy Presidential Spokesperson Abigail Valte,",PERSON
"Deputy Presidential",PERSON
"Deputy Pre­sidential Spokesperson Abigail Valte,",PERSON
"Deputy Pre­sidential",PERSON
"Deputy Speaker Lorenzo",PERSON
"De­puty Presidential",PERSON
"Diaz",PERSON
"Diaz,",PERSON
"Dionnie Guerrero",PERSON
"Director Solidum",PERSON
"Doc Gerry Ortega",PERSON
"Doland Castro,",PERSON
"Donaire, Viloria, Nietes, Julaton",PERSON
"Dondon",PERSON
"Dr. Mardave Martinez,",PERSON
"Dr. Nathaniel Servando,",PERSON
"Dr.",PERSON
"Dy",PERSON
"Eastern Samar Rep",PERSON
"Echegaray",PERSON
"Echiveri,",PERSON
"Echiverri",PERSON
"Echiverri, City Treasurer Evelina Garma, City Budget Officer Jesusa Garcia",PERSON
"Echiverri,",PERSON
"Ed",PERSON
"Eduardo Escobal II,",PERSON
"Education Secretary Armin Luistro",PERSON
"Education Secretary Armin Luistro,",PERSON
"Eliseo Ramos Basilio, ng Langka St.",PERSON
"Energy Sec. Rene Almendras",PERSON
"Energy Secretary Jose Almendras",PERSON
"Energy Secretary Jose Rene Almendras",PERSON
"Ener­gy Sec. Rene Almen­dras",PERSON
"Eng",PERSON
"Engr. Balagot",PERSON
"Engr. Emerson L. Benitez, Officer-In-Charge ng LRTA,",PERSON
"Enrile",PERSON
"Enrile,",PERSON
"Environment Sec. Ramon Paje",PERSON
"Escudero",PERSON
"Escudero,",PERSON
"Espina",PERSON
"Espina,",PERSON
"Estrada",PERSON
"Estrada,",PERSON
"Eulalio Diaz III",PERSON
"Executive Secretary Paquito Ochoa Jr.",PERSON
"FDA Director Suzette Lazo",PERSON
"FVR ang",PERSON
"Fameronag,",PERSON
"Fame­ronag",PERSON
"Fariñas",PERSON
"Father Catalino Arevalo",PERSON
"Filipino",PERSON
"Finance Sec. Cesar Purisima",PERSON
"Finance Secretary Cesar Purisima",PERSON
"Flory Basa",PERSON
"Flory",PERSON
"Foreign Affairs Spokesman Raul Hernandez,",PERSON
"Fr. Gregg",PERSON
"Fr. Gre­gorio",PERSON
"Freddie",PERSON
"G. Miguel G. Belmonte",PERSON
"GM Rojas,",PERSON
"GMA",PERSON
"Gabriela Party-list Reps",PERSON
"Gabriela Rep",PERSON
"Galvez",PERSON
"Garcia",PERSON
"Gatchalian",PERSON
"Gatdula",PERSON
"Gemma Garcia/ Butch Quejada",PERSON
"General Leonardo Espina",PERSON
"Gilbert Camaligan,",PERSON
"Ginang Arroyo,",PERSON
"Ginang Arroyo,â?",PERSON
"Ginang Ramos",PERSON
"Ginoong Corona ng TRO",PERSON
"Ginoong Corona",PERSON
"GiovanNg,",PERSON
"Given Grace Cebanico",PERSON
"Gng. Betty Go-Belmonte",PERSON
"Gng. Lanuza,",PERSON
"Gng. Loida Nicolas-Lewis",PERSON
"Goerge San Mateo,",PERSON
"Gomez",PERSON
"Gonzales",PERSON
"Gonzales,",PERSON
"Gonzales: Kasuhan",PERSON
"Gov",PERSON
"Governors Umali",PERSON
"Grace Ibuna",PERSON
"Grace Lee",PERSON
"Grace",PERSON
"Graciano Yumul",PERSON
"Guatlo",PERSON
"Guevarra",PERSON
"Guingona",PERSON
"Guingona,",PERSON
"Guin­gona,",PERSON
"Gutierrez,",PERSON
"Haresco",PERSON
"Haresco,",PERSON
"Health Secretary Enrique Ona",PERSON
"Henares,",PERSON
"Hernandez",PERSON
"Herrera ng P40,000",PERSON
"Herrera",PERSON
"House Appropriations Chairman Rep",PERSON
"House Committee on Good Government",PERSON
"House Majority Leader Neptali Gonzales II,",PERSON
"House Majority",PERSON
"House Mino­rity",PERSON
"House Speaker Feliciano Belmonte Jr.",PERSON
"House Speaker Feliciano Belmonte",PERSON
"House Speaker Feliciano Belmonte,",PERSON
"House Speaker Sonny Belmonte",PERSON
"House",PERSON
"Hubert Webb",PERSON
"Ibuna",PERSON
"Ibuna,",PERSON
"Icay",PERSON
"Icay,",PERSON
"Iggy",PERSON
"Ilagan",PERSON
"Ilagan,",PERSON
"Ilocos Norte Governor Imee Marcos",PERSON
"Ilocos Norte Rep",PERSON
"Ilocos Sur Gov",PERSON
"Iloilo Rep",PERSON
"Immigration",PERSON
"Interior",PERSON
"Isabela Governor Faustino Dy",PERSON
"IsagaYambot,",PERSON
"Iway",PERSON
"JG3 Kabungsuan",PERSON
"Jacob",PERSON
"Jail Guard",PERSON
"Jaime Santiago",PERSON
"James Yap, Mark Caguioa, Willie Miller, Jimmy Alapag, Kelly Williams, Jayjay Helterbrand, Mac Cardona",PERSON
"Janairo",PERSON
"Janelle Manahan,",PERSON
"Japanese",PERSON
"Jerry Leal,",PERSON
"Joe Zaldariaga, spokesman ng Meralco,",PERSON
"Joma Sison",PERSON
"Jorge Banal Sr.",PERSON
"Jose Ma",PERSON
"Jose Mari Cabrera",PERSON
"Joseph Cristobal",PERSON
"Joy",PERSON
"Judge Eugenio Dela Cruz ng Pasay RTC",PERSON
"Judge Eugenio Dela Cruz",PERSON
"Judge Jesus Mupas ng RTC",PERSON
"Judge Madrona",PERSON
"Judge Mupas",PERSON
"Judge Reyes",PERSON
"Judge",PERSON
"Julian Coseteng",PERSON
"Justice Antonio Carpio",PERSON
"Justice Sec. Leila",PERSON
"Justice Secretary Leila",PERSON
"Kabataan Rep",PERSON
"Kabungsuan Makilala,",PERSON
"Kapunan",PERSON
"Kapunan,",PERSON
"Karlo Maquinto",PERSON
"Kasangga Partylist Rep",PERSON
"Kasangga Rep",PERSON
"Kasangga",PERSON
"Kitsch",PERSON
"Kuipers, ng European Space Agency,",PERSON
"Kwok",PERSON
"LTFRB Chairman Jaime Jacob,",PERSON
"La Union Rep",PERSON
"Labin",PERSON
"Labor Secretary Rosalinda Baldoz",PERSON
"Lacierda",PERSON
"Lacierda,",PERSON
"Lacier­da",PERSON
"Lacson",PERSON
"Lacson,",PERSON
"Lagdameo",PERSON
"Lagdameo,",PERSON
"Lagman",PERSON
"Lakap Bayan Chairman",PERSON
"Lanuza",PERSON
"Las Piñas Rep",PERSON
"Lasala,",PERSON
"Laudemir Salac,",PERSON
"Lawyer Vitaliano Aguirre",PERSON
"Lazarte",PERSON
"Lazo,",PERSON
"La­cierda",PERSON
"League of Provinces of the Philippines",PERSON
"Leal",PERSON
"Legarda",PERSON
"Legarda,",PERSON
"Leo Echegaray",PERSON
"Lim",PERSON
"Lion Governor Anton Wong Lim",PERSON
"Lito Atienza",PERSON
"Liwanag",PERSON
"Local Government Secretary Jesse Robredo",PERSON
"Loren",PERSON
"Lorenz Jose Tan,",PERSON
"Lorna Obidoza, Officer-in Charge ng Deve­lopmental Department ng Technical Services ng DOLE-National Capital Region",PERSON
"Los Baños Chief of Police Supt. Dante Novicio",PERSON
"Lourdes Zaragoza Tuason",PERSON
"Lozares",PERSON
"Lucien Jay Gumban ng Taguig City",PERSON
"Ludivico",PERSON
"Luis Lazarte",PERSON
"Luistro",PERSON
"MAUGAT",PERSON
"MMDA Chairman Francis Tolentino",PERSON
"MMDA Traffic Engineering Center Director Noemi Recio,",PERSON
"MMDA",PERSON
"Ma",PERSON
"Maglaya",PERSON
"Magsaysay",PERSON
"Maguindanao Gov",PERSON
"Maguindanao Rep",PERSON
"Major Gen. Jose Mabanta, Commander ng Armyâ??s",PERSON
"Major Gen. Rey Ardo",PERSON
"Majority",PERSON
"Makilala",PERSON
"Manahan",PERSON
"Manda",PERSON
"Mangagao Elias",PERSON
"Mangrobang",PERSON
"Manila Chief Prosecutor Jhoseph Lopez",PERSON
"Manila Mayor Alfredo Lim",PERSON
"Manila Overseas Press Club",PERSON
"Manila Mayor Alfredo Lim",PERSON
"Manny Camato",PERSON
"Marcelino",PERSON
"Marcos",PERSON
"Marcos,",PERSON
"MariRep",PERSON
"Maria Ramona Belen Bautista",PERSON
"Mario Liwanag,",PERSON
"Marquez,",PERSON
"Martin",PERSON
"Martinez,",PERSON
"Marvin Reglos",PERSON
"Masaya Yorozu, Masahiko Tomita, Jose Melchor M. Del Pilar, Charito Abalayan Rangel, Bernardo B. Gerardo, Asher Marino A. Kasala",PERSON
"Mayor Alfredo S. Lim,",PERSON
"Mayor Diamante",PERSON
"Mayor Escobillo",PERSON
"Mayor Lim",PERSON
"Mayor Rey Uy",PERSON
"Maâ??am Esmer",PERSON
"Maâ??am Esmerlita A.",PERSON
"Maâ??m Betty",PERSON
"Maâ??m Betty,",PERSON
"Mendoza",PERSON
"Mendoza,",PERSON
"Mer Layson/Angie",PERSON
"Meralco",PERSON
"Mercado-Revilla,",PERSON
"Metropolitan Manila Development Authority",PERSON
"Mickey Macky",PERSON
"Miguel Belmonte",PERSON
"Mike Arroyo",PERSON
"Mike Gomez",PERSON
"Miriam Corona",PERSON
"Miriam",PERSON
"Mislang",PERSON
"Moammar Gaddafi",PERSON
"Mohammad",PERSON
"Montezor",PERSON
"Morales",PERSON
"Morena Altura",PERSON
"Moy",PERSON
"Mr. Abdulatiff Al Mahmoud",PERSON
"Mr. Al G. Pedroche,",PERSON
"Mr. Andrew Go",PERSON
"Mr. Andrew Go,",PERSON
"Mr. Arroyo",PERSON
"Mr. Arroyo,",PERSON
"Mr. Belmonte",PERSON
"Mr. Demetrio Vicente,",PERSON
"Mr. Jun Aluad",PERSON
"Mr. Miguel Belmonte",PERSON
"Mr. Miguel Belmonte,",PERSON
"Mr. Miguel G. Belmonte",PERSON
"Mr. Neegal Noronha,",PERSON
"Mrs. Corona",PERSON
"Mrs. Corona,",PERSON
"Mrs. Cristina Corona",PERSON
"Ms. Rebecca Labin, Tourism Palawan",PERSON
"NBP",PERSON
"Naguiat",PERSON
"Nardong Putik",PERSON
"Narvasa",PERSON
"National Bureau of Investigation",PERSON
"Navotas Rep",PERSON
"Negros Occidental Rep",PERSON
"Neil Sr.",PERSON
"Nicdao",PERSON
"Nicolas-Lewis",PERSON
"Nielette Tupas-Belleza",PERSON
"Noel",PERSON
"Noel,",PERSON
"Nograles",PERSON
"Nora Aunor",PERSON
"Nuraldin",PERSON
"Obet Martin",PERSON
"Obet Martin,",PERSON
"Obidoza,",PERSON
"Ochoa",PERSON
"Office of Civil Defense",PERSON
"Ombudsman Conchita Carpio-Morales",PERSON
"Ona",PERSON
"Osmeña",PERSON
"Osmeña,",PERSON
"P-Noy",PERSON
"PAGCOR Chairman Cristino",PERSON
"PBF",PERSON
"PCG",PERSON
"PCSO",PERSON
"PNP Spokesman Chief Supt. Agrimero Cruz, Jr.",PERSON
"PNP-HPG Director P/Chief Supt. Leonardo Espina",PERSON
"PNoy",PERSON
"PNoy, CJ",PERSON
"PNoy,",PERSON
"POEA Administrator Hans Leo Cacdac",PERSON
"POEA General Manager Hans Leo Cacdac",PERSON
"Pacquiao",PERSON
"Pacquiao,",PERSON
"Pagcor Chairman Cristino Naguiat",PERSON
"Paje",PERSON
"Palatino",PERSON
"Palma,",PERSON
"Palmones",PERSON
"Palmones,",PERSON
"Pal­ma",PERSON
"Pamela Ann Paredes-Bautista",PERSON
"Pampanga Rep",PERSON
"Paner",PERSON
"Pang",PERSON
"Pangilinan",PERSON
"Pangilinan,",PERSON
"Pangi­linan,",PERSON
"Pangulong Aquino",PERSON
"Pangulong Aquino,",PERSON
"Pangulong Benigno Aquino III",PERSON
"Pangulong Benigno Aquino IIII",PERSON
"Pangulong Benigno Aquino",PERSON
"Pangulong Benigno",PERSON
"Pangulong Noynoy Aquino",PERSON
"Pangulong Aquino",PERSON
"Paranaque Regional Trial Court",PERSON
"Pasay City Mayor Antonino Calixto",PERSON
"Pasay City Mayor Antonio G. Calixto, Vice Mayor Marlon A. Pesebre",PERSON
"Pasay RTC",PERSON
"Pasig City Regional Trial Court Branch",PERSON
"Patawaran",PERSON
"Pa­ngilinan",PERSON
"Pa­ngulong Aquino",PERSON
"Pa­ngulong Benigno Aquino III",PERSON
"Pa­ngulong Noynoy Aquino",PERSON
"Pedroâ??Mang Indoâ?",PERSON
"Pena",PERSON
"Pena,",PERSON
"Penarada",PERSON
"Perez",PERSON
"Philippine Army Commanding General Lt. Gen. Emmanuel Bautista",PERSON
"Philippine National Police",PERSON
"Philvocs Director Renato Solidum",PERSON
"Phivolcs Director Renato Solidum Jr.",PERSON
"Pimentel",PERSON
"Pineda",PERSON
"Police Regional Office",PERSON
"Pope Benedict XVI",PERSON
"Presidential Communications Operations Office",PERSON
"Presidential Peace Advi­ser Teresita Deles",PERSON
"Presidential Political Adviser Ronald Llamas",PERSON
"Presidential Spokesman Edwin Lacierda",PERSON
"Presidential Spokesman Edwin Lacierda,",PERSON
"Presidential Spokesman Edwin La­cierda,",PERSON
"Presidential",PERSON
"President Aquino",PERSON
"Pre­sidential Deputy",PERSON
"Private Prosecutor Atty. Vitaliano Aguirre",PERSON
"Prosecutor General Claro Arellano",PERSON
"Prudencio Quido,",PERSON
"Public Attorneyâ??s Office",PERSON
"Public Works Secretary Rogelio Singson",PERSON
"Puertollano",PERSON
"Purisima",PERSON
"Purisima,",PERSON
"QC Mayor Herbert Bau­",PERSON
"QC RTC",PERSON
"QC Rep",PERSON
"Qi Sun ng Harvard School of Public Health",PERSON
"Quezon City Rep",PERSON
"Quezon Rep",PERSON
"Quimbo,",PERSON
"Quirico Buendia",PERSON
"Radam",PERSON
"Radam,",PERSON
"Radam­",PERSON
"Ralph Anthony Roan ng Surigao City Quick Action Response Team,",PERSON
"Ramgen Bautista",PERSON
"Ramgen Revilla",PERSON
"Ramona Bautista",PERSON
"Ramona",PERSON
"Ramos",PERSON
"Raoul Atadero",PERSON
"Raul Tupas",PERSON
"Ray Bernard Penarada",PERSON
"Raymunda",PERSON
"Raynald Rivera",PERSON
"Recom",PERSON
"Renato Corona",PERSON
"Rene Sumagang",PERSON
"Rep",PERSON
"Reps",PERSON
"Revilla",PERSON
"Reyes",PERSON
"Ricafrete",PERSON
"Robert Bautista,",PERSON
"Robert Lim Joseph,",PERSON
"Roberto Villaluz",PERSON
"Robredo",PERSON
"Robredo,",PERSON
"Rochel Geronda ng Los Baños National High School",PERSON
"Rochel Geronda,",PERSON
"Roda,",PERSON
"Rodelyn Aguirre",PERSON
"Rodolfo Edrad",PERSON
"Rodrigo Cacao,",PERSON
"Rogelio",PERSON
"Rojas",PERSON
"Romulo B. Lumauig",PERSON
"Romulo Lumauig",PERSON
"Romy Lumauig",PERSON
"Romy Yu",PERSON
"Roque",PERSON
"Rowena Anderes,",PERSON
"Rowena Gomez,",PERSON
"Rowena",PERSON
"Roxas",PERSON
"Roxas,",PERSON
"Rudy Andal/Mer Layson",PERSON
"SC Chief Justice Renato Corona",PERSON
"SC",PERSON
"STAR",PERSON
"Samboy Lim",PERSON
"San Beda",PERSON
"San Mateo,",PERSON
"Santiago ng BS Criminology",PERSON
"Santiago",PERSON
"Santiago,",PERSON
"Santiago na",PERSON
"Santos",PERSON
"San­tiago",PERSON
"San­tiago,",PERSON
"Sec. Almendras",PERSON
"Sec. Coloma,",PERSON
"Sec. Coloma:",PERSON
"Sec. Lacierda,",PERSON
"Sec. Lacier­da,",PERSON
"Sec. Montejo,",PERSON
"Sec. Rene Almendras",PERSON
"Sen",PERSON
"Senador Edgardo Angara",PERSON
"Senador Miriam Defensor-Santiago",PERSON
"Senador Panfilo Lacson",PERSON
"Senate President Juan Ponce Enrile",PERSON
"Senate President Juan Ponce Enrile,",PERSON
"Senate Pre­sident Juan Ponce Enrile,",PERSON
"Senate Sergeant-at-arms Jose Balajadia",PERSON
"Senator Aqui­lino",PERSON
"Senator Edgardo Angara,",PERSON
"Senator Francis",PERSON
"Senator Jose",PERSON
"Senator Koko Pimentel",PERSON
"Senator Loren Legarda",PERSON
"Senator Manny Villar",PERSON
"Senator Manny Villar,",PERSON
"Senator Miriam Defensor-Santiago",PERSON
"Senator Sergio Osmeña III,",PERSON
"Senator-Judge Jose",PERSON
"Senator-Judge Miriam Defensor-Santiago",PERSON
"Senators Panfilo",PERSON
"Serafin Cuevas",PERSON
"Serafin Cuevas,",PERSON
"Sereno",PERSON
"Se­nate President Juan Ponce Enrile",PERSON
"Se­nator Lito Lapid",PERSON
"Se­nator-judge Miriam De­fensor-Santiago",PERSON
"Se­reno",PERSON
"Singson",PERSON
"Sir Al",PERSON
"Sir Miguel,",PERSON
"Siu Ting Alpha Kwok",PERSON
"Social Welfare Secretary Corazon",PERSON
"Socorro Guatlo Jr.",PERSON
"Solidum",PERSON
"Soliman",PERSON
"Soliman,",PERSON
"Sonny Boy Jaro",PERSON
"Sorsogon Bishop Arturo Bastes",PERSON
"Space",PERSON
"Speaker Sonny Belmonte",PERSON
"Suarez,",PERSON
"Supreme Court Associate Justice Roberto Abad",PERSON
"Supreme Court Chief Justice Renato Corona",PERSON
"Supreme Court Chief Justice Renato Corona na",PERSON
"Supreme Court",PERSON
"Syjuco",PERSON
"Syjuco,",PERSON
"Sylvia Mayuga",PERSON
"TRB Director Edmund Reyes Jr.",PERSON
"TUCP Spokesperson",PERSON
"TV",PERSON
"Tagaloan, Lanao",PERSON
"Taguig City Mayor LaCayetano",PERSON
"Taguig Congressman Freddie Tinga",PERSON
"Tampakan, South Cotabato Mayor Leonardo Escobillo Sr.",PERSON
"Tanjusay",PERSON
"Tanjusay,",PERSON
"Taulava",PERSON
"Taylor Kitsch",PERSON
"Tañada",PERSON
"Tañada,",PERSON
"Tiangco",PERSON
"Tiangco,",PERSON
"Tim Cone",PERSON
"Timothy Bradley",PERSON
"Tita Betty Go-Belmonte,",PERSON
"Tita Betty",PERSON
"Tolentino",PERSON
"Tom Tolibas",PERSON
"Tomita",PERSON
"Tourism Undersec",PERSON
"Trenas",PERSON
"Tupas",PERSON
"Tupas,",PERSON
"Undersecretary Graciano Yumul Jr.",PERSON
"Undersecretary Ramon Bacani",PERSON
"Urbano Caasi",PERSON
"Usec",PERSON
"Valenzuela City Mayor Sherwin Gatchalian",PERSON
"Valte",PERSON
"Valte,",PERSON
"Vice Mayor Isko Moreno",PERSON
"Vice Mayor Marlon Pesebre",PERSON
"Vice Pres. Jejomar Binay",PERSON
"Vice President Jejomar Binay",PERSON
"Vice President Jejomar Binay,",PERSON
"Vice President Jojo Binay",PERSON
"Vice President",PERSON
"Vice-Pres",PERSON
"Vice-President Jejomar Binay",PERSON
"Vicente",PERSON
"Vicente,",PERSON
"Vicente kaya",PERSON
"Villaluz",PERSON
"Villar",PERSON
"Villar,",PERSON
"Vincent Golangco, Online Media",PERSON
"Willy Lao",PERSON
"Wong",PERSON
"Yambot",PERSON
"Yoling",PERSON
"Yorozu",PERSON
"Yumul",PERSON
"Yusoph",PERSON
"Yusoph,",PERSON
"Zaldarriaga",PERSON
"nila Barangay Bureau",PERSON
"nila Bay",PERSON
"nila Chapter",PERSON
"nila City",PERSON
"nila Development Authority",PERSON
"nila Deve­lopment Authority",PERSON
"nila Earthquake Impact Reduction Study",PERSON
"nila Electric Company",PERSON
"nila GMA",PERSON
"nila Greenprint",PERSON
"nila Mayor Lito Atienza",PERSON
"nila Police District,",PERSON
"nila Regional Trial Court na",PERSON
"nila Standard Today,",PERSON
"nila University",PERSON
"nila University ang 2011 Bar Exam",PERSON
"sila Bianca, Dina",PERSON
