"10.74",DATE
"1834",DATE
"1898",DATE
"1946",DATE
"1948",DATE
"1961",DATE
"1973",DATE
"1983",DATE
"1986",DATE
"1987",DATE
"1989",DATE
"1994",DATE
"1997",DATE
"1999",DATE
"2.2",DATE
"2000",DATE
"2001",DATE
"2002",DATE
"2003",DATE
"2004",DATE
"2132",DATE
"3.8",DATE
"3210",DATE
"4.5",DATE
"4540",DATE
"6150",DATE
"7.4",DATE
"Ang 15",DATE
"April 23, 2000",DATE
"August 13, 1983",DATE
"August 1988",DATE
"DAO 17",DATE
"December 1999",DATE
"December 31, 2001",DATE
"EDSA 2",DATE
"February 1986",DATE
"Hunyo 10",DATE
"Hunyo 2001",DATE
"January 2000",DATE
"July 4",DATE
"June 01 2002",DATE
"June 01",DATE
"June 02 2002",DATE
"June 02",DATE
"June 03 2002",DATE
"June 03",DATE
"June 04 2002",DATE
"June 04",DATE
"June 05 2002",DATE
"June 05",DATE
"June 06 2002",DATE
"June 06",DATE
"June 07 2002",DATE
"June 07",DATE
"June 08 2002",DATE
"June 08",DATE
"June 09 2002",DATE
"June 09",DATE
"June 10 2002",DATE
"June 10",DATE
"June 11 2002",DATE
"June 11",DATE
"June 12 2002",DATE
"June 12",DATE
"June 12, 2001",DATE
"June 13 2002",DATE
"June 13",DATE
"June 14 2002",DATE
"June 14",DATE
"June 14, 2002",DATE
"June 15 2002",DATE
"June 15",DATE
"June 16 2002",DATE
"June 16",DATE
"June 17 2002",DATE
"June 17",DATE
"June 18 2002",DATE
"June 18",DATE
"June 19 2002",DATE
"June 19",DATE
"June 20 2002",DATE
"June 20",DATE
"June 21 2002",DATE
"June 21",DATE
"June 22 2002",DATE
"June 22",DATE
"June 23 2002",DATE
"June 23",DATE
"June 24 2002",DATE
"June 24",DATE
"June 25 2002",DATE
"June 25",DATE
"June 26 2002",DATE
"June 26",DATE
"June 27 2002",DATE
"June 27",DATE
"June 28 2002",DATE
"June 28",DATE
"June 29 2002",DATE
"June 29",DATE
"June 30 2002",DATE
"June 30",DATE
"June 7",DATE
"Mahigit 20",DATE
"Mahigit 400",DATE
"March 23, 1986",DATE
"Marso 2000",DATE
"May 1",DATE
"May 1995",DATE
"May 20",DATE
"May 2001",DATE
"May 27, 2001",DATE
"May 31, 2002",DATE
"May 4,000",DATE
"Mayo 5",DATE
"Mayo 8",DATE
"Mayroong 3,200",DATE
"Noong 1964",DATE
"Noong 2000",DATE
"October 1986",DATE
"October 1996",DATE
"Region 4",DATE
"Riyadh 11693",DATE
"SB 1834",DATE
"SB 2132",DATE
"Sa 1988",DATE
"Sapagkat 24",DATE
""Jules" Ledesma ng Negros",PERSON
"A. ng Southern",PERSON
"ABS-CBN",PERSON
"AFP",PERSON
"AIDS",PERSON
"ALA-Meralco",PERSON
"ALAM",PERSON
"ANG Intelligence Service of the Armed Forces",PERSON
"ANG Intelligence Service of the Armed",PERSON
"ANG Intelligence Service",PERSON
"ANG Intelligence",PERSON
"ANG June",PERSON
"ANG LABAN",PERSON
"ANG Sangguniang Kabataan",PERSON
"ANG Sangguniang",PERSON
"ANG Wilm?s",PERSON
"ANG",PERSON
"ANO",PERSON
"ASAP",PERSON
"ASG",PERSON
"AT ANG BATAS ni Atty.",PERSON
"AT'S UP DOC? ni Dr. Tranquilino",PERSON
"AT'S UP DOC? ni Dr.",PERSON
"AT'S UP DOC?",PERSON
"AT'S UP",PERSON
"AT'S",PERSON
"ATM",PERSON
"ATS' UP DOC? Ni",PERSON
"ATS' UP DOC?",PERSON
"ATS' UP",PERSON
"ATS'",PERSON
"AW AT ANG BATAS ni Atty. Jose C.",PERSON
"AW AT ANG BATAS ni Atty. Jose",PERSON
"AW AT ANG BATAS ni Atty.",PERSON
"AW AT ANG BATAS",PERSON
"AW AT ANG",PERSON
"AW AT",PERSON
"AW",PERSON
"AY DANGAL ni Fr. Jose C.",PERSON
"AY DANGAL ni Fr. Jose",PERSON
"AY DANGAL ni Fr.",PERSON
"AY DANGAL",PERSON
"AY",PERSON
"AY-DANGAL ni Fr. Jose C.",PERSON
"AY-DANGAL ni Fr. Jose",PERSON
"AY-DANGAL ni Fr.",PERSON
"AY-DANGAL",PERSON
"Aalis",PERSON
"Aangat",PERSON
"Aawitin",PERSON
"Aba",PERSON
"Abala",PERSON
"Abalang-abala",PERSON
"Abalos",PERSON
"Abangan",PERSON
"Abdul Macaompang",PERSON
"Abdul",PERSON
"Abdurajak",PERSON
"Abobo",PERSON
"Abot",PERSON
"Abu Sabaya",PERSON
"Abu Sayad",PERSON
"Abu Sayyaf!",PERSON
"Abu Sayyaf",PERSON
"Abu Sayyaf? Hindi",PERSON
"Abu Sayyaf?",PERSON
"Abu",PERSON
"Academy",PERSON
"Act",PERSON
"Acting Press Secretary Silvestre",PERSON
"Acting Press Secretary",PERSON
"Acting Press",PERSON
"Acting",PERSON
"Action Team??",PERSON
"Action",PERSON
"Adjustments",PERSON
"Ador Mawanay",PERSON
"Ador",PERSON
"Adrian Ricci Mamuyac",PERSON
"Adrian Ricci",PERSON
"Adrian",PERSON
"Agad",PERSON
"Agad-agad",PERSON
"Against Pollution"",PERSON
"Against",PERSON
"Agchem;",PERSON
"Agency",PERSON
"Aglipay ng National",PERSON
"Aglipay",PERSON
"Agnir",PERSON
"Agreement",PERSON
"Aida",PERSON
"Aida?",PERSON
"Air Act of 1999",PERSON
"Akala",PERSON
"Akalain",PERSON
"Akmang-akma",PERSON
"Ako",PERSON
"Al Faisaliyyah District",PERSON
"Al Faisaliyyah",PERSON
"Al G.",PERSON
"Al",PERSON
"Alabang",PERSON
"Alagaan",PERSON
"Alalahanin",PERSON
"Alam",PERSON
"Alcaraz",PERSON
"Alex",PERSON
"Alfredo Benipayo",PERSON
"Alfredo",PERSON
"Alice V.",PERSON
"Aling",PERSON
"Allan Macalanda",PERSON
"Allan",PERSON
"Alnie",PERSON
"Alona",PERSON
"Alvarez",PERSON
"Alzheimer?s",PERSON
"American",PERSON
"Amerika",PERSON
"Amerikano",PERSON
"Amerikanong",PERSON
"Ana Fe Carbajosa",PERSON
"Ana Fe",PERSON
"Ana",PERSON
"Anak ng Tao",PERSON
"Anak",PERSON
"And",PERSON
"Andres",PERSON
"Ang Amerikanong",PERSON
"Ang BFAD",PERSON
"Ang CAMANAVA",PERSON
"Ang Caloocan",PERSON
"Ang Carmel",PERSON
"Ang Diyos",PERSON
"Ang HUDCC",PERSON
"Ang Kano",PERSON
"Ang MWSI",PERSON
"Ang Meralco",PERSON
"Ang Multi-Purpose Loan",PERSON
"Ang Multi-Purpose",PERSON
"Ang Pag-IBIG Housing Loan",PERSON
"Ang Pag-IBIG Housing",PERSON
"Ang Pag-IBIG",PERSON
"Ang Quezon Power",PERSON
"Ang Quezon",PERSON
"Ang Rent-to-Own Program",PERSON
"Ang Rent-to-Own",PERSON
"Ang SB 2132",PERSON
"Ang SB",PERSON
"Ang STM",PERSON
"Ang Simbahan",PERSON
"Ang Spaniard",PERSON
"Ang United Nations International Children?s Emergency Fund",PERSON
"Ang United Nations International Children?s Emergency",PERSON
"Ang United Nations International Children?s",PERSON
"Ang United Nations International",PERSON
"Ang United Nations",PERSON
"Ang United",PERSON
"Ang",PERSON
"Angara",PERSON
"Anim",PERSON
"Animo?y",PERSON
"Annie",PERSON
"Ano",PERSON
"Anong",PERSON
"Anti-Crime Campaign ng Presidente?",PERSON
"Anti-Crime Campaign",PERSON
"Anti-Crime",PERSON
"Antonio Salvacion",PERSON
"Antonio",PERSON
"Anuman",PERSON
"Apat",PERSON
"Apektado",PERSON
"Apelo Cruz",PERSON
"Apelo",PERSON
"Aphrodisiac",PERSON
"Apo Hiking",PERSON
"Apo",PERSON
"Application for Provident Benefit Form",PERSON
"Application for Provident Benefit",PERSON
"Application for Provident",PERSON
"Application",PERSON
"Appointment",PERSON
"Appointments",PERSON
"April",PERSON
"Aquatic Resources",PERSON
"Aquatic",PERSON
"Aquilino Pimentel",PERSON
"Aquilino",PERSON
"Ara",PERSON
"Arabia",PERSON
"Araneta",PERSON
"Araw ng Pasasalamat",PERSON
"Araw ng Pasasalamat???",PERSON
"Araw",PERSON
"Area Manager Laguna Collection Group II ng NHMFC",PERSON
"Area Manager Laguna Collection Group II",PERSON
"Area Manager Laguna Collection Group",PERSON
"Area Manager Laguna Collection",PERSON
"Area Manager Laguna",PERSON
"Area Manager",PERSON
"Area",PERSON
"Ariel",PERSON
"Arlene Vano",PERSON
"Arlene",PERSON
"Armand",PERSON
"Armando",PERSON
"Armando?",PERSON
"Armed Forces of the Philippines",PERSON
"Armed Forces",PERSON
"Armed",PERSON
"Arnold Sandoval ng District",PERSON
"Arroyo",PERSON
"As",PERSON
"Asar",PERSON
"Asawa",PERSON
"Asia",PERSON
"Asia"",PERSON
"Asiong Hernandez",PERSON
"Asiong",PERSON
"Asset",PERSON
"Assumption Antipolo",PERSON
"Assumption",PERSON
"Assunta",PERSON
"At",PERSON
"Ate Glo",PERSON
"Ate",PERSON
"Ateneo",PERSON
"Ativan Gang",PERSON
"Ativan",PERSON
"Atrium",PERSON
"Atty. Jose C. Sison",PERSON
"Atty. Jose C.",PERSON
"Atty. Jose Sison",PERSON
"Atty. Jose",PERSON
"Atty. Jun",PERSON
"Atty. Leonard",PERSON
"Atty. Lina",PERSON
"Atty. Molly ng Customs",PERSON
"Atty. Molly",PERSON
"Audit",PERSON
"Auditor ng COA",PERSON
"Auditor",PERSON
"August",PERSON
"Augusto",PERSON
"Aurora",PERSON
"Authority",PERSON
"Avelino Razon ng Central",PERSON
"Awayan",PERSON
"Ay",PERSON
"Ayaw ng Meralco",PERSON
"Ayaw",PERSON
"Ayon",PERSON
"BANTAY KAPWA ni Cielito "Mahal" Del MundoPATULOY",PERSON
"BANTAY KAPWA ni Cielito "Mahal" Del",PERSON
"BANTAY KAPWA ni Cielito "Mahal"",PERSON
"BANTAY KAPWA ni Cielito",PERSON
"BANTAY KAPWA",PERSON
"BANTAY",PERSON
"BATUIGAS",PERSON
"BF",PERSON
"BINALASA ni President Gloria Arroyo",PERSON
"BINALASA ni President Gloria",PERSON
"BINALASA ni President",PERSON
"BINALASA",PERSON
"BIRA! ni Danny",PERSON
"BOC Commissioner Tony",PERSON
"BOC Commissioner",PERSON
"BOC",PERSON
"BUKAS",PERSON
"Baby",PERSON
"Bacolod",PERSON
"Bagamat",PERSON
"Bagama?t",PERSON
"Bagay",PERSON
"Bago",PERSON
"Bagong Tipan",PERSON
"Bagong",PERSON
"Baguhin",PERSON
"Baguio",PERSON
"Bahagi",PERSON
"Bahala",PERSON
"Baka Korte",PERSON
"Baka",PERSON
"Bakit",PERSON
"Balak",PERSON
"Balakid",PERSON
"Balala",PERSON
"Balansehin",PERSON
"Balasa ni GMA",PERSON
"Balasa",PERSON
"Bale",PERSON
"Balita",PERSON
"Ballroom",PERSON
"Bangayan",PERSON
"Bangis",PERSON
"Bangkok",PERSON
"Bantayan",PERSON
"Barangay Council",PERSON
"Barangay Kagawad",PERSON
"Barangay",PERSON
"Barcelona",PERSON
"Baron Cervantes",PERSON
"Baron R.",PERSON
"Baron",PERSON
"Bartolome;",PERSON
"Basahin",PERSON
"Basil",PERSON
"Basilan",PERSON
"Basketball",PERSON
"Bataan Nuclear Power",PERSON
"Bataan Nuclear",PERSON
"Bataan",PERSON
"Batangas",PERSON
"Batay",PERSON
"Batid",PERSON
"Bawat",PERSON
"Bayani Fernando",PERSON
"Bayani",PERSON
"Bayani?",PERSON
"Bebot",PERSON
"Benigno Aquino Jr.",PERSON
"Benigno Aquino",PERSON
"Benigno",PERSON
"Bening Batuigas",PERSON
"Bening",PERSON
"Benipayo",PERSON
"Benjamin Abalos",PERSON
"Benjamin",PERSON
"Benjie",PERSON
"Bernardo",PERSON
"Berroya",PERSON
"Bibigyan",PERSON
"Bibliya",PERSON
"Biglang",PERSON
"Bigyan",PERSON
"Bihasa",PERSON
"Bihisan",PERSON
"Bilang",PERSON
"Bilib",PERSON
"Bin",PERSON
"Binanggit ng PNP",PERSON
"Binanggit ni Macha",PERSON
"Binanggit",PERSON
"Binaril",PERSON
"Binatikos",PERSON
"Binibigyan",PERSON
"Biniboy",PERSON
"Binigyan",PERSON
"Binigyang-kapangyarihan",PERSON
"Binira",PERSON
"Binondo",PERSON
"Bio",PERSON
"Bisperas ng Bagong",PERSON
"Bisperas",PERSON
"Biyernes",PERSON
"Blas Ople",PERSON
"Blas",PERSON
"Bobby Dacer",PERSON
"Bobby",PERSON
"Bog",PERSON
"Bonifacio",PERSON
"Borra",PERSON
"Box",PERSON
"Boy! Talagang",PERSON
"Boy!",PERSON
"Boy",PERSON
"Branch EDSA",PERSON
"Branch",PERSON
"Briefs",PERSON
"Brig. Gen. M.",PERSON
"Brig. Gen.",PERSON
"Bubby Dacer",PERSON
"Bubby",PERSON
"Buboy ng Sampaloc",PERSON
"Buboy",PERSON
"Bubunutin",PERSON
"Bueser ng Laguna;",PERSON
"Buhay ng Pinoy",PERSON
"Buhay",PERSON
"Bukas",PERSON
"Bukod",PERSON
"Bullet",PERSON
"Bullshit",PERSON
"Bumabandera",PERSON
"Bumagsak",PERSON
"Bumibilang",PERSON
"Bumigat",PERSON
"Bumili",PERSON
"Bun",PERSON
"Bureau of Customs",PERSON
"Bureau of Food",PERSON
"Bureau of Import Service",PERSON
"Bureau of Import",PERSON
"Bureau of Internal Revenue",PERSON
"Bureau of Internal",PERSON
"Bureau of Investigation",PERSON
"Bureau",PERSON
"Burnham",PERSON
"Burnhams",PERSON
"Bush",PERSON
"Business",PERSON
"Butch Albarracin",PERSON
"Butch M.",PERSON
"Butch Quejada",PERSON
"Butch",PERSON
"Buti",PERSON
"Buwan-buwan",PERSON
"C. Sison",PERSON
"CAMANAVA",PERSON
"CBA",PERSON
"CDO",PERSON
"CIDG",PERSON
"CIDG?",PERSON
"CO2-10",PERSON
"COA",PERSON
"COA?",PERSON
"COMELEC Chairman Benjamin Abalos",PERSON
"COMELEC Chairman Benjamin",PERSON
"COMELEC Chairman",PERSON
"COMELEC",PERSON
"Cabigon",PERSON
"Cabinet Secretarial Staff",PERSON
"Cabinet Secretarial",PERSON
"Cabinet ni President Gloria Macapagal-Arroyo? Ayon",PERSON
"Cabinet ni President Gloria Macapagal-Arroyo?",PERSON
"Cabinet ni President Gloria",PERSON
"Cabinet ni President",PERSON
"Cabinet",PERSON
"Caloocan City",PERSON
"Caloocan Ciy",PERSON
"Caloocan",PERSON
"Caltex Station",PERSON
"Caltex",PERSON
"Camarines",PERSON
"Camp Crame",PERSON
"Camp",PERSON
"Campaign ng Presidente?",PERSON
"Carbajosa",PERSON
"Cardona",PERSON
"Caren P.",PERSON
"Caren",PERSON
"Carlo",PERSON
"Carmel",PERSON
"Caro ng Marikina",PERSON
"Caro",PERSON
"Catholic Church",PERSON
"Catholic Mass Media Awards",PERSON
"Catholic Mass Media",PERSON
"Catholic Mass",PERSON
"Catholic",PERSON
"Cavite",PERSON
"Cayetano",PERSON
"Cebu Pacific",PERSON
"Cebu",PERSON
"Celia Goduco",PERSON
"Celia ng 10",PERSON
"Celia",PERSON
"Celso Templo",PERSON
"Center Angela Live",PERSON
"Center Angela",PERSON
"Center for Pop Music",PERSON
"Center for Pop",PERSON
"Center",PERSON
"Central Region",PERSON
"Central Visayas",PERSON
"Central",PERSON
"Centralized",PERSON
"Cerna",PERSON
"Cerna"",PERSON
"Cervantes",PERSON
"Cesar",PERSON
"Chairman Abalos: The",PERSON
"Chairman Abalos:",PERSON
"Chairman Alfredo Benipayo",PERSON
"Chairman Alfredo",PERSON
"Chairman Housing",PERSON
"Chairman Joe Toledo",PERSON
"Chairman Joe",PERSON
"Chairman",PERSON
"Channel",PERSON
"Charlie Lising",PERSON
"Charlie",PERSON
"Charmaine",PERSON
"Chief Dir. Gen. Leandro Mendoza",PERSON
"Chief Dir. Gen. Leandro",PERSON
"Chief Dir. Gen.",PERSON
"Chief Dir.",PERSON
"Chief Directorial Staff",PERSON
"Chief Directorial",PERSON
"Chief Inspector Ferdinand",PERSON
"Chief Inspector",PERSON
"Chief Kuwago",PERSON
"Chief Supt. Manuel Cabigon",PERSON
"Chief Supt. Manuel",PERSON
"Chief Supt. Nicolas",PERSON
"Chief Supt. Reynaldo Berroya ng Region",PERSON
"Chief Supt. Reynaldo Berroya",PERSON
"Chief Supt. Reynaldo",PERSON
"Chief Supt. Rowlando Sacramento",PERSON
"Chief Supt. Rowlando",PERSON
"Chief Supt.",PERSON
"Chief",PERSON
"Children?s Emergency Fund",PERSON
"Children?s",PERSON
"China Mae Cardona",PERSON
"China Mae",PERSON
"China",PERSON
"Chinese",PERSON
"Ching",PERSON
"Christian",PERSON
"Chriszel",PERSON
"Chung Young",PERSON
"Chung",PERSON
"Church",PERSON
"Cielito "Mahal"",PERSON
"Cielito",PERSON
"Cirilo",PERSON
"City Chief of Police",PERSON
"City",PERSON
"Civil Service Code",PERSON
"Civil Service",PERSON
"Civil",PERSON
"Clamor",PERSON
"Class",PERSON
"Clean Air Act of 1999",PERSON
"Clean Air Act",PERSON
"Clean Air",PERSON
"Clean",PERSON
"Club Intramuros",PERSON
"Club",PERSON
"Code",PERSON
"Col. Jess",PERSON
"Col. Victor Corpus",PERSON
"Col. Victor Corpuz",PERSON
"Col. Victor",PERSON
"Col. Villareal",PERSON
"Colector",PERSON
"Collection Group",PERSON
"Collector",PERSON
"Comelec",PERSON
"Commander ng WPD-PS8",PERSON
"Commission on Appointment",PERSON
"Commission on Audit",PERSON
"Commission on Elections",PERSON
"Commission",PERSON
"Commissioner Bernardo",PERSON
"Commissioner Luzviminda Tancangco",PERSON
"Commissioner Luzviminda",PERSON
"Commissioner",PERSON
"Commissioners Luzviminda Tancangco",PERSON
"Commissioners Luzviminda",PERSON
"Commissioners Resureccion Borra",PERSON
"Commissioners Resureccion",PERSON
"Commissioners",PERSON
"Committee on Public",PERSON
"Committee",PERSON
"Commonwealth Avenue;",PERSON
"Commonwealth",PERSON
"Communication",PERSON
"Computer",PERSON
"Congratulations",PERSON
"Congressman Gilbert Remulla",PERSON
"Congressman Gilbert",PERSON
"Congressman Ricky Sandoval",PERSON
"Congressman Ricky",PERSON
"Congressman S.",PERSON
"Congressman ng Surigao",PERSON
"Congressman",PERSON
"Conrad",PERSON
"Conservation Center-Crocodile Farming Institute",PERSON
"Conservation Center-Crocodile Farming",PERSON
"Conservation Center-Crocodile",PERSON
"Conservation",PERSON
"Constancio",PERSON
"Consumers'",PERSON
"Contract",PERSON
"Coordinating",PERSON
"Corazon Alma",PERSON
"Corazon",PERSON
"Cotabato",PERSON
"Court",PERSON
"Criminal Investigation",PERSON
"Criminal",PERSON
"Cris",PERSON
"Cristina C. Encarnacion",PERSON
"Cristina C.",PERSON
"Cristina",PERSON
"Cruz",PERSON
"Cua ng Quirino;",PERSON
"Customs Commissioner Antonio Bernardo",PERSON
"Customs Commissioner Antonio",PERSON
"Customs Commissioner",PERSON
"Customs",PERSON
"D-3",PERSON
"DAHIL",PERSON
"DALAWANG",PERSON
"DANGAL ni Fr.",PERSON
"DAO",PERSON
"DAR Sec. Hernani",PERSON
"DAR Sec.",PERSON
"DAR",PERSON
"DENR Administrative Order",PERSON
"DENR Administrative",PERSON
"DENR Sec.",PERSON
"DENR",PERSON
"DIDM",PERSON
"DILG Secretary Joey Lina",PERSON
"DILG Secretary Joey",PERSON
"DILG Secretary",PERSON
"DILG",PERSON
"DOC?",PERSON
"DOF Secretary Lito",PERSON
"DOF Secretary",PERSON
"DOF",PERSON
"DOH",PERSON
"DOTC Sec. Pantaleon Alvarez",PERSON
"DOTC Sec. Pantaleon",PERSON
"DOTC Sec.",PERSON
"DOTC Secretary",PERSON
"DOTC",PERSON
"DOTC: Malaking",PERSON
"DOTC:",PERSON
"DPWH",PERSON
"DTI Secretary Mar",PERSON
"DTI Secretary",PERSON
"DTI",PERSON
"Da",PERSON
"Dadalawa",PERSON
"Dadong Matinik",PERSON
"Dadong",PERSON
"Dagdag",PERSON
"Dagupan City",PERSON
"Dagupan",PERSON
"Dahil",PERSON
"Daising",PERSON
"Dakong",PERSON
"Dalawa",PERSON
"Dalawang",PERSON
"Danilo Sibal ng Station",PERSON
"Danny Macabuhay",PERSON
"Danny",PERSON
"Dante",PERSON
"Danton Bueser ng Laguna; Mayor Tato Macalalag",PERSON
"Danton Bueser ng Laguna; Mayor Tato",PERSON
"Danton Bueser ng Laguna; Mayor",PERSON
"Danton Bueser ng Laguna;",PERSON
"Danton Bueser",PERSON
"Danton",PERSON
"Dapat",PERSON
"Dati",PERSON
"Dating",PERSON
"Dati?y",PERSON
"Day",PERSON
"Day?",PERSON
"De",PERSON
"Deadma",PERSON
"Dear Sec. Mike",PERSON
"Dear Sec.",PERSON
"Dear",PERSON
"Deborah Yap",PERSON
"Deborah",PERSON
"December",PERSON
"Decena/Ramos",PERSON
"Deed of Sale",PERSON
"Deed",PERSON
"Defensor",PERSON
"Del Mundo",PERSON
"Del",PERSON
"Delikado",PERSON
"Dengue Awareness",PERSON
"Dengue Hemorrhagic Fever",PERSON
"Dengue Hemorrhagic",PERSON
"Dengue",PERSON
"Dennis Van Tiga!",PERSON
"Dennis Van Tiga",PERSON
"Dennis Van",PERSON
"Dennis",PERSON
"Denver Trinidad ng IBC-13",PERSON
"Denver Trinidad",PERSON
"Denver",PERSON
"Deo Macalma",PERSON
"Deo",PERSON
"Deomides Talbo",PERSON
"Deomides",PERSON
"Department of Energy",PERSON
"Department of Environment",PERSON
"Department of Foreign",PERSON
"Department of Health",PERSON
"Department of Housing",PERSON
"Department of Labor",PERSON
"Department of Public Works",PERSON
"Department of Public",PERSON
"Department of Trade",PERSON
"Department of Transportation",PERSON
"Department",PERSON
"Deputy Dir. Gen. Hermogenes Ebdane",PERSON
"Deputy Dir. Gen. Hermogenes",PERSON
"Deputy Dir. Gen.",PERSON
"Deputy Dir. Hermogenes Ebdane",PERSON
"Deputy Dir. Hermogenes",PERSON
"Deputy Dir.",PERSON
"Deputy Director Gen. Hermogenes Ebdane Jr.",PERSON
"Deputy Director Gen. Hermogenes Ebdane",PERSON
"Deputy Director Gen. Hermogenes",PERSON
"Deputy Director Gen.",PERSON
"Deputy Director General Edgardo Aglipay ng National Capital",PERSON
"Deputy Director General Edgardo Aglipay ng National",PERSON
"Deputy Director General Edgardo Aglipay",PERSON
"Deputy Director General Edgardo",PERSON
"Deputy Director General",PERSON
"Deputy Director",PERSON
"Deputy",PERSON
"Desperado",PERSON
"Despite",PERSON
"Detection Group",PERSON
"Detection",PERSON
"Development Authority",PERSON
"Development",PERSON
"Dexter Balala",PERSON
"Dexter",PERSON
"Dexter: Leksiyon",PERSON
"Dexter:",PERSON
"Di",PERSON
"Dinagat Island",PERSON
"Dinagat",PERSON
"Dinala",PERSON
"Dinanas",PERSON
"Dindo",PERSON
"Dingdong",PERSON
"Dinukot",PERSON
"Diomedes Talbo",PERSON
"Diomedes Talvo",PERSON
"Diomedes",PERSON
"Diplomatic Quarters",PERSON
"Diplomatic",PERSON
"Dir. Efren",PERSON
"Dir. Gen. Edgar Aglipay",PERSON
"Dir. Gen. Edgar",PERSON
"Dir. Gen. Hermogenes Ebdane",PERSON
"Dir. Gen. Hermogenes",PERSON
"Dir. Gen. Leandro Mendoza",PERSON
"Dir. Gen. Leandro",PERSON
"Dir. Gen. Rex Piad",PERSON
"Dir. Gen. Rex",PERSON
"Dir. Gen. Reynaldo",PERSON
"Dir. Gen.",PERSON
"Dir. Gualberto ng CIDG?",PERSON
"Dir. Gualberto",PERSON
"Dir. Lucas",PERSON
"Dir. Managuelod",PERSON
"Dir. Nestorio",PERSON
"Dir. Reynaldo",PERSON
"Dir. Virtus",PERSON
"Director Avelino Razon ng Central Visayas",PERSON
"Director Avelino Razon ng Central",PERSON
"Director Avelino Razon",PERSON
"Director Avelino",PERSON
"Director Domingo Reyes ng Region",PERSON
"Director Domingo Reyes",PERSON
"Director Domingo",PERSON
"Director Edgar",PERSON
"Director Gen. Leandro Mendoza",PERSON
"Director Gen. Leandro",PERSON
"Director Gen.",PERSON
"Director General Edgardo Aglipay ng National",PERSON
"Director ng Mass Media for the Catholic",PERSON
"Director ng Mass",PERSON
"Director",PERSON
"Direk Heidi O. Sison",PERSON
"Direk Heidi O.",PERSON
"Direk Heidi",PERSON
"Direk",PERSON
"District Police Intelligence",PERSON
"District Police",PERSON
"District",PERSON
"Disyembre",PERSON
"Dito",PERSON
"Diumano?y",PERSON
"Diyan",PERSON
"Diyos",PERSON
"Doktor",PERSON
"Doktor?",PERSON
"Dominador",PERSON
"Domingo Reyes ng Region",PERSON
"Don Eugenio Lopez",PERSON
"Don Eugenio",PERSON
"Don",PERSON
"Donna",PERSON
"Don?t Rain On My",PERSON
"Don?t Rain On",PERSON
"Don?t Rain",PERSON
"Don?t",PERSON
"Doon",PERSON
"Doreen Cardinal",PERSON
"Doreen",PERSON
"Dos Palmas",PERSON
"Dos",PERSON
"Dr. Tambunting",PERSON
"Dr. Tranquilino",PERSON
"Drilon",PERSON
"Drugs",PERSON
"Dubai",PERSON
"Dumaan",PERSON
"Dumarami",PERSON
"Dumating",PERSON
"Dummy",PERSON
"Durugin",PERSON
"E-Just",PERSON
"EDSA Dos",PERSON
"EDSA People?s",PERSON
"EDSA Uno",PERSON
"EDSA",PERSON
"ERC",PERSON
"Earth",PERSON
"East",PERSON
"Eastern Police District",PERSON
"Eastern Police",PERSON
"Eastern",PERSON
"Ebanghelyo ni Juan",PERSON
"Ebanghelyo",PERSON
"Ebdane",PERSON
"Ebdane?",PERSON
"Echeverri",PERSON
"Ecleo",PERSON
"Ecleo: Justice",PERSON
"Ecleo:",PERSON
"Ed Alcaraz ng Unilab;",PERSON
"Ed Angara",PERSON
"Ed",PERSON
"Eddie Caro ng Marikina",PERSON
"Eddie Caro",PERSON
"Eddie",PERSON
"Edgar Aglipay",PERSON
"Edgar Sangel",PERSON
"Edgar",PERSON
"Edgardo Aglipay",PERSON
"Edgardo Angara",PERSON
"Edgardo",PERSON
"Ediborah Yap",PERSON
"Ediborah",PERSON
"Edison",PERSON
"Editha Lumami",PERSON
"Editha",PERSON
"Editoryal",PERSON
"Eduardo",PERSON
"Education Secretary Armand Fabella",PERSON
"Education Secretary Armand",PERSON
"Education Secretary",PERSON
"Education",PERSON
"Edukasyon",PERSON
"Edward Alican",PERSON
"Edward",PERSON
"Edwin San",PERSON
"Edwin",PERSON
"Efren Alano",PERSON
"Efren",PERSON
"Egay Galis",PERSON
"Egay Galis"",PERSON
"Egay",PERSON
"Eh",PERSON
"Eighty-one",PERSON
"Ejercito",PERSON
"Ekonomiya",PERSON
"Eksakto",PERSON
"Elap; Joseph",PERSON
"Elap; Richard Nganga ng Marikina City",PERSON
"Elap; Richard Nganga ng Marikina",PERSON
"Elap; Richard Nganga",PERSON
"Elap; Richard",PERSON
"Elap;",PERSON
"Elections",PERSON
"Electric Power Industry Reform Act",PERSON
"Electric Power Industry Reform",PERSON
"Electric Power Industry",PERSON
"Electric Power",PERSON
"Electric",PERSON
"Elicaño Jr.",PERSON
"Elicaño",PERSON
"Elizabeth",PERSON
"Elmer",PERSON
"Ely",PERSON
"Emma",PERSON
"Empleyado",PERSON
"Employment",PERSON
"Encarnacion",PERSON
"Energy Regulatory Commission",PERSON
"Energy Regulatory",PERSON
"Energy",PERSON
"Engr. Ador Andrada",PERSON
"Engr. Ador",PERSON
"Enrico Echeverri",PERSON
"Enrico",PERSON
"Entrance",PERSON
"Environment",PERSON
"Erlindo Torres",PERSON
"Erlindo",PERSON
"Ernesto",PERSON
"Erning",PERSON
"Espinosa",PERSON
"Estados",PERSON
"Estrada",PERSON
"Europe",PERSON
"Eva",PERSON
"Ewan",PERSON
"Ex-Marine",PERSON
"Excellency!",PERSON
"Exchange",PERSON
"Extension",PERSON
"FAME",PERSON
"FPJ",PERSON
"FPJ-Gringo Dream",PERSON
"FPJ-Gringo",PERSON
"FVR",PERSON
"FVR?s",PERSON
"Faizal Marohomsar",PERSON
"Faizal",PERSON
"Farming",PERSON
"Father",PERSON
"February",PERSON
"Feling",PERSON
"Felipe",PERSON
"Ferdinand E.",PERSON
"Ferdinand",PERSON
"Fernando Alipunga",PERSON
"Fernando Poe Jr.",PERSON
"Fernando Poe",PERSON
"Fernando",PERSON
"Fever",PERSON
"Fidel Ramos",PERSON
"Fidel",PERSON
"Fil-Ams",PERSON
"Filipino",PERSON
"Finance Corporation",PERSON
"Finance Secretary Lito",PERSON
"Finance Secretary",PERSON
"Finance",PERSON
"First Gas",PERSON
"First",PERSON
"Fisheries Act",PERSON
"Fisheries",PERSON
"Flavier",PERSON
"Floor Atrium",PERSON
"Floor",PERSON
"Florentino",PERSON
"Food",PERSON
"Foolish",PERSON
"For",PERSON
"Forces of the Philippines",PERSON
"Ford",PERSON
"Foreign Affairs",PERSON
"Foreign",PERSON
"Form",PERSON
"Former President Fidel Ramos",PERSON
"Former President Fidel",PERSON
"Former President",PERSON
"Former",PERSON
"Founding Member ng Young Officers Union",PERSON
"Founding Member ng Young Officers",PERSON
"Founding Member ng Young",PERSON
"Founding Member",PERSON
"Founding",PERSON
"Fr. Cirilo",PERSON
"Fr. Guiseppe Pierantoni",PERSON
"Fr. Guiseppe",PERSON
"Fr. James Reuter: Higit",PERSON
"Fr. James Reuter:",PERSON
"Fr. James",PERSON
"Fr. Jesus",PERSON
"Fr. Jose",PERSON
"Fr. Ruel Gallardo",PERSON
"Fr. Ruel",PERSON
"Francisco",PERSON
"Frank Drilon",PERSON
"Frank",PERSON
"Franklin Drilon",PERSON
"Franklin",PERSON
"Fresnedi",PERSON
"Friday ni Chief Supt. Nick",PERSON
"Friday ni Chief Supt.",PERSON
"Friday ni Chief",PERSON
"Friday",PERSON
"Fund",PERSON
"G. Bayani?",PERSON
"GALIT",PERSON
"GMA",PERSON
"GONG SIBOL Ni Alice V. Lara",PERSON
"GONG SIBOL Ni Alice V.",PERSON
"GONG SIBOL Ni Alice",PERSON
"GONG SIBOL Ni",PERSON
"GONG SIBOL ni Caren P. Abobo",PERSON
"GONG SIBOL ni Caren P.",PERSON
"GONG SIBOL ni Caren",PERSON
"GONG SIBOL",PERSON
"GONG",PERSON
"GRO",PERSON
"Gaano",PERSON
"Gabinete",PERSON
"Gabundok",PERSON
"Gagayahin",PERSON
"Galilee",PERSON
"Galman",PERSON
"Gambling",PERSON
"Gaming Corporation",PERSON
"Gaming",PERSON
"Gamitin",PERSON
"Gang",PERSON
"Ganito",PERSON
"Ganoon",PERSON
"Ganyan",PERSON
"Garcia",PERSON
"Gary San",PERSON
"Gary",PERSON
"Gat Andres",PERSON
"Gat",PERSON
"Gawin",PERSON
"Gawing",PERSON
"Gaya",PERSON
"Gayon",PERSON
"Gayundin",PERSON
"Gela",PERSON
"Gen. Hermogenes",PERSON
"Gen. Leandro",PERSON
"Gen. Rex",PERSON
"General Ebdane",PERSON
"General",PERSON
"Geneva",PERSON
"Geny",PERSON
"George",PERSON
"Gerra Ejercito",PERSON
"Gerra",PERSON
"Gerry",PERSON
"Get",PERSON
"Gethsemane",PERSON
"Ghia; Danny",PERSON
"Ghia; Jun",PERSON
"Ghia;",PERSON
"Ginagamit",PERSON
"Ginagamot",PERSON
"Ginagawa",PERSON
"Ginagawang",PERSON
"Ginawa",PERSON
"Gipit",PERSON
"Gising",PERSON
"Gitnang Silangan",PERSON
"Gitnang",PERSON
"Gleen Dy",PERSON
"Gleen",PERSON
"Glenda",PERSON
"Glo",PERSON
"Globe",PERSON
"Gobernador",PERSON
"Gobyerno",PERSON
"Golden City",PERSON
"Golden",PERSON
"Good",PERSON
"Gorilya",PERSON
"Governors Lito Lapid ng Pampanga; Pablo Garcia",PERSON
"Governors Lito Lapid ng Pampanga; Pablo",PERSON
"Governors Lito Lapid ng Pampanga;",PERSON
"Governors Lito Lapid",PERSON
"Governors Lito",PERSON
"Governors",PERSON
"Grabe",PERSON
"Gracia Burnham",PERSON
"Gracia",PERSON
"Grade",PERSON
"Greggy Aranteta III",PERSON
"Greggy Aranteta",PERSON
"Greggy",PERSON
"Gringo Honasan",PERSON
"Gringo",PERSON
"Gringo?y",PERSON
"Group",PERSON
"Gualberto ng CIDG?",PERSON
"Gualberto",PERSON
"Gualberto?",PERSON
"Guardians",PERSON
"Gudo",PERSON
"Guevarra",PERSON
"Guillermo Sobero",PERSON
"Guillermo",PERSON
"Guingona",PERSON
"Guiseppe",PERSON
"Gulo",PERSON
"Gumagaling",PERSON
"Gumaganda",PERSON
"Gumagawa",PERSON
"Gumamit",PERSON
"Gumawa",PERSON
"Gumilid",PERSON
"Gusto",PERSON
"Gustong",PERSON
"HALOS",PERSON
"HINDI",PERSON
"HIV",PERSON
"HUDCC? Sa",PERSON
"HUDCC?",PERSON
"HULI",PERSON
"Habang",PERSON
"Habulin",PERSON
"Hagupitin",PERSON
"Hahaluan",PERSON
"Hall",PERSON
"Halos",PERSON
"Hamon",PERSON
"Han Ling",PERSON
"Han",PERSON
"Hanggang",PERSON
"Hangga?t",PERSON
"Hapones",PERSON
"Hapong-hapo",PERSON
"Happy",PERSON
"Hari",PERSON
"Hari:",PERSON
"Hayop",PERSON
"He-he-he! Ano",PERSON
"He-he-he! Inggit",PERSON
"He-he-he! Kaya",PERSON
"He-he-he! Parang",PERSON
"He-he-he! Sa",PERSON
"He-he-he!",PERSON
"Health",PERSON
"Heherson Alvarez ng Department of Environment",PERSON
"Heherson Alvarez ng Department",PERSON
"Heherson Alvarez",PERSON
"Heherson",PERSON
"Heinous",PERSON
"Hermie",PERSON
"Hermogenes Ebdane Jr.",PERSON
"Hermogenes Ebdane",PERSON
"Hermogenes Ebdane?",PERSON
"Hermogenes",PERSON
"Hernani",PERSON
"Heswita",PERSON
"High",PERSON
"Highways",PERSON
"Higit",PERSON
"Hilaw",PERSON
"Hinagpis ng Meralco",PERSON
"Hinagpis",PERSON
"Hinahanapan",PERSON
"Hinanap",PERSON
"Hindi Amerika",PERSON
"Hindi",PERSON
"Hinding-hindi",PERSON
"Hinihikayat",PERSON
"Hinihintay",PERSON
"Hiniling",PERSON
"Hiningi ng NBI",PERSON
"Hiningi",PERSON
"Hinoholdap",PERSON
"Hinostage",PERSON
"Hinuhuli",PERSON
"Home",PERSON
"Honeygirl",PERSON
"Hong Kong",PERSON
"Hong",PERSON
"Hospital",PERSON
"House Speaker Jose",PERSON
"House Speaker",PERSON
"House of Representatives",PERSON
"House of Reps",PERSON
"House",PERSON
"Houseboy",PERSON
"Housing Department",PERSON
"Housing Loan",PERSON
"Housing",PERSON
"Hubad",PERSON
"Huli",PERSON
"Huling",PERSON
"Hulyo",PERSON
"Humayo",PERSON
"Hunyo",PERSON
"Hutch",PERSON
"Huwag",PERSON
"Huwebes",PERSON
"I-dribble",PERSON
"I-drug",PERSON
"IBA-IBA",PERSON
"IBC-13",PERSON
"ID",PERSON
"II ng NHMFC",PERSON
"II",PERSON
"III",PERSON
"IPINAGMALAKI ng Philippine National Police",PERSON
"IPINAGMALAKI ng Philippine National",PERSON
"IPINAGMALAKI ng Philippine",PERSON
"IPINAGMALAKI",PERSON
"IPP",PERSON
"IPPs",PERSON
"ISA",PERSON
"ISAFP",PERSON
"ISANG",PERSON
"IT",PERSON
"IWAS-PUSOY",PERSON
"Iba",PERSON
"Ibabalik",PERSON
"Iba?t",PERSON
"Ibig",PERSON
"Ibinaba",PERSON
"Ibinigay",PERSON
"Ibinunyag ni Nacorda",PERSON
"Ibinunyag",PERSON
"Idalangin",PERSON
"Idiniin",PERSON
"Idinugtong ni Legarda",PERSON
"Idinugtong ni Remulla",PERSON
"Idinugtong",PERSON
"Iisa",PERSON
"Iisipin",PERSON
"Ika",PERSON
"Ikakalat",PERSON
"Ikakaltas",PERSON
"Ikalawa",PERSON
"Ikaw",PERSON
"Ikinalaboso",PERSON
"Ikinatuwa ni President Gloria Macapagal-Arroyo",PERSON
"Ikinatuwa ni President Gloria",PERSON
"Ikinatuwa ni President",PERSON
"Ikinatuwa",PERSON
"Ilalabas",PERSON
"Ilalagay",PERSON
"Ilan",PERSON
"Ilang",PERSON
"Ilegal",PERSON
"Iligtas",PERSON
"Ililipat",PERSON
"Illegal",PERSON
"Ilocos",PERSON
"Imbes",PERSON
"Imbestigahan",PERSON
"Imbis",PERSON
"Imelda",PERSON
"Immune Deficiency Syndrome",PERSON
"Immune Deficiency",PERSON
"Immune",PERSON
"Import Service",PERSON
"Import",PERSON
"In",PERSON
"Inaabot",PERSON
"Inaabsuwelto",PERSON
"Inaalam",PERSON
"Inaamin",PERSON
"Inaantok",PERSON
"Inaasahan",PERSON
"Inagaw ng Oposisyon",PERSON
"Inagaw",PERSON
"Inakala",PERSON
"Inakusahan",PERSON
"Inambansa",PERSON
"Inamin",PERSON
"Inamoy",PERSON
"Inay",PERSON
"Inay? Hindi",PERSON
"Inay?",PERSON
"Income Tax Return",PERSON
"Income Tax",PERSON
"Income",PERSON
"Independent Power Producers",PERSON
"Independent Power",PERSON
"Independent",PERSON
"Individual Payor",PERSON
"Individual",PERSON
"Indonesia",PERSON
"Indonesian",PERSON
"Indonesians",PERSON
"Industry",PERSON
"Ingatan",PERSON
"Inggitero",PERSON
"Iniaalok",PERSON
"Inihahatid",PERSON
"Inihatid",PERSON
"Iniisip",PERSON
"Inilipat",PERSON
"Inireport ng PNP",PERSON
"Inireport ng World Health Organization",PERSON
"Inireport ng World Health",PERSON
"Inireport ng World",PERSON
"Inireport",PERSON
"Inirerekomenda",PERSON
"Inisyu ni Alvarez",PERSON
"Inisyu",PERSON
"Iniwan",PERSON
"Inokupahan ni Celia",PERSON
"Inokupahan",PERSON
"Inordinahan",PERSON
"Inspector",PERSON
"Intelligence Service of the Armed",PERSON
"Intelligence",PERSON
"Interior Sec. Jose Lina",PERSON
"Interior Sec. Jose",PERSON
"Interior Sec.",PERSON
"Interior Secretary Joey Lina",PERSON
"Interior Secretary Joey",PERSON
"Interior Secretary",PERSON
"Interior",PERSON
"Internal Revenue",PERSON
"Internal",PERSON
"International Children?s",PERSON
"International",PERSON
"Internet",PERSON
"Intsik",PERSON
"Inutil",PERSON
"Inutos",PERSON
"Inuulit",PERSON
"Investigation",PERSON
"Ipaalam",PERSON
"Ipadadala",PERSON
"Ipadala",PERSON
"Ipagdasal",PERSON
"Ipaglaban",PERSON
"Ipakita ni Abalos",PERSON
"Ipakita",PERSON
"Ipakitang",PERSON
"Ipakukuha",PERSON
"Ipakukulong",PERSON
"Ipanalangin",PERSON
"Ipapadala",PERSON
"Ipaubaya",PERSON
"Ipinaalam",PERSON
"Ipinagbabawal",PERSON
"Ipinagbili",PERSON
"Ipinagmamalaki",PERSON
"Ipinahayag ng Department of Social Welfare",PERSON
"Ipinahayag ng Department of Social",PERSON
"Ipinahayag ng Department",PERSON
"Ipinahayag",PERSON
"Ipinahihiwatig",PERSON
"Ipinakita ni Ricardo",PERSON
"Ipinakita",PERSON
"Ipinakulong ni Marcos",PERSON
"Ipinakulong",PERSON
"Ipinalit",PERSON
"Ipinaliwanag ni Ebdane",PERSON
"Ipinaliwanag",PERSON
"Ipinamalas",PERSON
"Ipinapakita",PERSON
"Ipinasara",PERSON
"Ipinatanggal",PERSON
"Ire-report",PERSON
"Isa",PERSON
"Isa-isahin",PERSON
"Isang French",PERSON
"Isang",PERSON
"Isa?t",PERSON
"Isinalaysay",PERSON
"Isinalin ni Marcos",PERSON
"Isinalin",PERSON
"Isinama",PERSON
"Isinangla",PERSON
"Isinasaad",PERSON
"Isinunod",PERSON
"Isipin",PERSON
"Israel",PERSON
"Itanong",PERSON
"Itay",PERSON
"Itay?",PERSON
"Itay?",PERSON
"Itigil",PERSON
"Itinalaga",PERSON
"Itinanggi ni Guingona",PERSON
"Itinanggi",PERSON
"Itinugak",PERSON
"Itinutukso",PERSON
"Itinuturo",PERSON
"Ito",PERSON
"Itong",PERSON
"Ito?y",PERSON
"Itsa-puwera",PERSON
"Ituloy",PERSON
"Itutuloy",PERSON
"Iwas-sakit",PERSON
"Iwasan",PERSON
"Iwasang",PERSON
"Iyak",PERSON
"Iyan",PERSON
"Iyon",PERSON
"Iyong",PERSON
"JDV?",PERSON
"JV",PERSON
"Jack Mayor ng Jardine",PERSON
"Jack",PERSON
"Jaguar",PERSON
"Jaime Centeno",PERSON
"Jaime",PERSON
"James",PERSON
"Jamie",PERSON
"Janaira",PERSON
"Janet",PERSON
"January",PERSON
"Japan",PERSON
"Japanese",PERSON
"Jardine Davies Agchem;",PERSON
"Jardine Davies",PERSON
"Jardine",PERSON
"Jarius Bondoc",PERSON
"Jarius",PERSON
"Jawasat Deportation",PERSON
"Jawasat",PERSON
"Jaworski",PERSON
"Jay",PERSON
"Jeddah",PERSON
"Jeffrey",PERSON
"Jericho",PERSON
"Jess",PERSON
"Jesus",PERSON
"Jesus:",PERSON
"Jimenez",PERSON
"Joel Palacios",PERSON
"Joel",PERSON
"Joey",PERSON
"John O. Bantayan",PERSON
"John O.",PERSON
"John Osmeña",PERSON
"John",PERSON
"Jojo Sadiwa",PERSON
"Jojo",PERSON
"Joke",PERSON
"Jolina",PERSON
"Jopet Sison",PERSON
"Jopet",PERSON
"Jorge",PERSON
"Jose Mari",PERSON
"Jose Torres Hospital",PERSON
"Jose Torres Memorial Hospital",PERSON
"Jose Torres Memorial",PERSON
"Jose Torres",PERSON
"Jose",PERSON
"Joselito",PERSON
"Joseph Mostrales",PERSON
"Joseph",PERSON
"Jr. Western Manila Police",PERSON
"Jr. Western Manila",PERSON
"Jr. Western",PERSON
"Juan M. Flavier",PERSON
"Juan M.",PERSON
"Juan",PERSON
"Juanita",PERSON
"Judas",PERSON
"Judge Wenceslao Agnir Jr. ng RTC Branch",PERSON
"Judge Wenceslao Agnir Jr. ng RTC",PERSON
"Judge Wenceslao Agnir Jr.",PERSON
"Judge Wenceslao Agnir",PERSON
"Judge Wenceslao",PERSON
"Judge Zenaida Laguilles",PERSON
"Judge Zenaida",PERSON
"Judge",PERSON
"Judio",PERSON
"Judiong",PERSON
"Jueteng",PERSON
"Julie Baba",PERSON
"Julie",PERSON
"Julio "Jules" Ledesma ng Negros Oriental",PERSON
"Julio "Jules" Ledesma ng Negros",PERSON
"Julio "Jules" Ledesma",PERSON
"Julio "Jules"",PERSON
"Julio Ledesma",PERSON
"Julio",PERSON
"July",PERSON
"Jun ng Parañaque",PERSON
"Jun",PERSON
"June",PERSON
"Junie Cua ng Quirino; Mrs. Tina",PERSON
"Junie Cua ng Quirino; Mrs.",PERSON
"Junie Cua ng Quirino;",PERSON
"Junie Cua",PERSON
"Junie",PERSON
"KAHAPON",PERSON
"KAILANGANG",PERSON
"KAKATWA",PERSON
"KALAGITNAAN",PERSON
"KAPWA ni Cielito",PERSON
"KASABIHAN",PERSON
"KASALUKUYANG",PERSON
"KATULAD",PERSON
"KATWIRAN",PERSON
"KB",PERSON
"KILUSAN Kontra",PERSON
"KILUSAN",PERSON
"KINILIG",PERSON
"KULANG",PERSON
"KUNG",PERSON
"Kaagad",PERSON
"Kabataan",PERSON
"Kabataang Barangay",PERSON
"Kabataang",PERSON
"Kabilang",PERSON
"Kaguluhan",PERSON
"Kahalagahan",PERSON
"Kahapon",PERSON
"Kahina-hinala",PERSON
"Kahit",PERSON
"Kaibigan",PERSON
"Kailan",PERSON
"Kailangan",PERSON
"Kailangang",PERSON
"Kakahiya! Sila",PERSON
"Kakahiya!",PERSON
"Kakaiba",PERSON
"Kakailanganin",PERSON
"Kakalabanin",PERSON
"Kakalula",PERSON
"Kakampi ni Benipayo",PERSON
"Kakampi",PERSON
"Kakaunti",PERSON
"Kakutsaba",PERSON
"Kalabisan ng PPA",PERSON
"Kalabisan",PERSON
"Kalayaan",PERSON
"Kalinisan",PERSON
"Kalusugan",PERSON
"Kamakailan",PERSON
"Kamakalawa",PERSON
"Kamala-mala",PERSON
"Kamatayan ni Dexter: Leksiyon",PERSON
"Kamatayan ni Dexter:",PERSON
"Kamatayan",PERSON
"Kami",PERSON
"Kamuntik",PERSON
"Kano",PERSON
"Kapag",PERSON
"Kapansin-pansin",PERSON
"Kapwa Pinoy",PERSON
"Kapwa",PERSON
"Karamihan",PERSON
"Kasabay",PERSON
"Kasabwat",PERSON
"Kasama",PERSON
"Kasamang",PERSON
"Kasi",PERSON
"Kaso",PERSON
"Kasosyo",PERSON
"Kastila",PERSON
"Kasukat",PERSON
"Kataas-taasang Hukuman",PERSON
"Kataas-taasang",PERSON
"Katawan",PERSON
"Katwiran",PERSON
"Katy",PERSON
"Kautusan",PERSON
"Kawawa",PERSON
"Kay Inay",PERSON
"Kay",PERSON
"Kaya",PERSON
"Kayang-kaya",PERSON
"Kaya?t",PERSON
"Kaye Torres",PERSON
"Kaye",PERSON
"Kayong",PERSON
"Kesehoda",PERSON
"Kikilalanin",PERSON
"Kikilos",PERSON
"Kilala",PERSON
"Kilalang",PERSON
"Kilusang Mayo Uno",PERSON
"Kilusang Mayo",PERSON
"Kilusang",PERSON
"Kim Wong",PERSON
"Kim",PERSON
"Kinagabihan",PERSON
"Kinailangan",PERSON
"Kinakailangan",PERSON
"Kinakailangang",PERSON
"Kinapa",PERSON
"Kinausap",PERSON
"King Joe",PERSON
"King",PERSON
"Kinidnap",PERSON
"Kinuha",PERSON
"Kinuwestiyon ni Mon",PERSON
"Kinuwestiyon",PERSON
"Kita",PERSON
"Kix Santos",PERSON
"Kix",PERSON
"Kokoy",PERSON
"Komite",PERSON
"Kongresista",PERSON
"Kongreso",PERSON
"Kongreso?",PERSON
"Konstitusyon",PERSON
"Korea",PERSON
"Korean",PERSON
"Korek",PERSON
"Korina",PERSON
"Korte Suprema",PERSON
"Korte",PERSON
"Kotong",PERSON
"Kristiyano",PERSON
"Kulang",PERSON
"Kumambiyo",PERSON
"Kumander Mubarak",PERSON
"Kumander Robot",PERSON
"Kumander",PERSON
"Kumanta",PERSON
"Kumilos",PERSON
"Kumita",PERSON
"Kumpara",PERSON
"Kumpirmadong Abu Sayyaf",PERSON
"Kumpirmadong Abu",PERSON
"Kumpirmadong",PERSON
"Kung",PERSON
"Kunin",PERSON
"Kuratong Baleleng",PERSON
"Kuratong",PERSON
"LA BIRA! ni Danny Macabuhay",PERSON
"LA BIRA! ni Danny",PERSON
"LA BIRA!",PERSON
"LA",PERSON
"LABAN Ni Sec.",PERSON
"LABAN ni Sec.",PERSON
"LABAN",PERSON
"LABINDALAWANG",PERSON
"LANG ni Joel",PERSON
"LANTIK ni Dadong Matinik",PERSON
"LANTIK ni Dadong",PERSON
"LANTIK",PERSON
"LIMANG",PERSON
"LITANG SPECIAL ni Deo Macalma",PERSON
"LITANG SPECIAL ni Deo",PERSON
"LITANG SPECIAL",PERSON
"LITANG",PERSON
"LTFRB",PERSON
"LUNES",PERSON
"Laban Senators",PERSON
"Laban",PERSON
"Labimpito",PERSON
"Labintatlong",PERSON
"Labor Secretary Patricia",PERSON
"Labor Secretary",PERSON
"Labor",PERSON
"Lackadaisical",PERSON
"Lacson",PERSON
"Lacson:",PERSON
"Lacson?",PERSON
"Laganap",PERSON
"Lagi",PERSON
"Laging",PERSON
"Lagot",PERSON
"Laguilles",PERSON
"Laguna",PERSON
"Laguna; Mayor",PERSON
"Laguna;",PERSON
"Lahat",PERSON
"Lake Buhi",PERSON
"Lake",PERSON
"Laking",PERSON
"Lakipan",PERSON
"Lalabas",PERSON
"Lalo",PERSON
"Lalong",PERSON
"Lalo?t",PERSON
"Lapid",PERSON
"Lara",PERSON
"Larry",PERSON
"Las",PERSON
"Lawrence",PERSON
"Leader",PERSON
"Leandro Mendoza",PERSON
"Leandro",PERSON
"Ledesma",PERSON
"Lee",PERSON
"Lee?",PERSON
"Legarda",PERSON
"Leonalyn Pablo",PERSON
"Leonalyn",PERSON
"Leonard",PERSON
"Leonides",PERSON
"Leonilo",PERSON
"Level Pearl",PERSON
"Level",PERSON
"Life",PERSON
"Ligaw",PERSON
"Light Rail Transit",PERSON
"Light Rail",PERSON
"Light",PERSON
"Liliit",PERSON
"Lim",PERSON
"Lima",PERSON
"Lina",PERSON
"Lina?",PERSON
"Lines",PERSON
"Linisin",PERSON
"Lipulin",PERSON
"Lita",PERSON
"Lito Lapid ng Pampanga; Pablo Garcia ng Cebu",PERSON
"Lito Lapid ng Pampanga;",PERSON
"Lito",PERSON
"Live",PERSON
"Loan",PERSON
"Lopez",PERSON
"Lord",PERSON
"Loren Legarda",PERSON
"Loren",PERSON
"Lourdes",PERSON
"Loyola",PERSON
"Lt. Col.",PERSON
"Lubhang",PERSON
"Lubusin",PERSON
"Lucas",PERSON
"Lucio San",PERSON
"Lucio Tan",PERSON
"Lucio",PERSON
"Lumabas",PERSON
"Lumakas",PERSON
"Lumalabas",PERSON
"Lumalakas",PERSON
"Lumang Tipan",PERSON
"Lumang",PERSON
"Lumapad",PERSON
"Lumarawan",PERSON
"Lumutang",PERSON
"Lunes",PERSON
"Lutasin",PERSON
"Luzon",PERSON
"M-16",PERSON
"M. Flavier",PERSON
"MABIGAT",PERSON
"MAHABANG",PERSON
"MAHIGIT",PERSON
"MALAKI",PERSON
"MALAKING",PERSON
"MALAYO",PERSON
"MARAMI",PERSON
"MARAMING",PERSON
"MATAGAL",PERSON
"MAY KATWIRAN ni Jopet",PERSON
"MAY",PERSON
"MERALCO ng PPA",PERSON
"MERALCO",PERSON
"MERONG",PERSON
"MICHIGAN",PERSON
"MISMO ni Butch M. Quejada",PERSON
"MISMO ni Butch M.",PERSON
"MISMO ni Butch Quejada",PERSON
"MISMO ni Butch",PERSON
"MISMO",PERSON
"MISTERYO",PERSON
"MMDA Chairman Benjamin Abalos",PERSON
"MMDA Chairman Benjamin",PERSON
"MMDA Chairman",PERSON
"MMDA",PERSON
"MMDA: Metro Marikina Development Authority",PERSON
"MMDA: Metro Marikina Development",PERSON
"MMDA: Metro Marikina",PERSON
"MMDA: Metro",PERSON
"MMDA:",PERSON
"MNLF Chairman Nur",PERSON
"MNLF Chairman",PERSON
"MNLF",PERSON
"MULA",PERSON
"MWC",PERSON
"MWSI",PERSON
"MWSS",PERSON
"Maaari",PERSON
"Maaaring",PERSON
"Maalala",PERSON
"Maari",PERSON
"Maaring",PERSON
"Maayos",PERSON
"Mabagal",PERSON
"Mabangis",PERSON
"Mabigat",PERSON
"Mabilis",PERSON
"Mabubuhay",PERSON
"Mabuhay Singers",PERSON
"Mabuhay",PERSON
"Mabuti",PERSON
"Mac Douton",PERSON
"Mac",PERSON
"Macapagal-",PERSON
"Macapagal-Arroyo",PERSON
"Macapagal-Arroyo?",PERSON
"Macha",PERSON
"Madalas",PERSON
"Madali",PERSON
"Madaling",PERSON
"Madame?",PERSON
"Madrid",PERSON
"Madudulas",PERSON
"Madudurog",PERSON
"Madugo",PERSON
"Madugong",PERSON
"Mag-ingat",PERSON
"Maganda",PERSON
"Magandang",PERSON
"Magastos",PERSON
"Magbabayad",PERSON
"Magbigay",PERSON
"Magiging",PERSON
"Maging",PERSON
"Magkakaroon",PERSON
"Magkano",PERSON
"Magkasabay",PERSON
"Maglipol?"",PERSON
"Magpa-blood",PERSON
"Magpa-urinalysis",PERSON
"Magpabakuna",PERSON
"Magpasalamat",PERSON
"Magpatingin",PERSON
"Magsasampa",PERSON
"Magsaysay Award",PERSON
"Magsaysay",PERSON
"Magwawakas",PERSON
"Mahabang",PERSON
"Mahal",PERSON
"Mahalaga",PERSON
"Mahalagang",PERSON
"Mahalin",PERSON
"Mahigit",PERSON
"Mahigpit",PERSON
"Mahine",PERSON
"Mahirap",PERSON
"Maiiba",PERSON
"Maimpluwensiya",PERSON
"Maingay",PERSON
"Majority",PERSON
"Makali-pas",PERSON
"Makararanas",PERSON
"Makati Business",PERSON
"Makati City",PERSON
"Makati",PERSON
"Makatwirang",PERSON
"Makikita",PERSON
"Makukuha",PERSON
"Malabon",PERSON
"Malacañang",PERSON
"Malacañang?",PERSON
"Malaki",PERSON
"Malaking",PERSON
"Malalim",PERSON
"Malamang",PERSON
"Malayo",PERSON
"Malaysia",PERSON
"Mali Pare",PERSON
"Mali",PERSON
"Malibang",PERSON
"Maliit",PERSON
"Maliliit",PERSON
"Malinaw",PERSON
"Malinis",PERSON
"Maliwanag",PERSON
"Malonzo",PERSON
"Malugi",PERSON
"Malulubos",PERSON
"Mamerto "Mer" Oasay",PERSON
"Mamerto "Mer"",PERSON
"Mamerto",PERSON
"Mamuyac",PERSON
"Manager Laguna Collection Group II ng NHMFC",PERSON
"Managuelod",PERSON
"Mananatili",PERSON
"Mandaluyong City",PERSON
"Mandaluyong",PERSON
"Mang Joe",PERSON
"Mang",PERSON
"Mangyari",PERSON
"Manila Cathedral",PERSON
"Manila City Hall",PERSON
"Manila City",PERSON
"Manila Mayor Lito",PERSON
"Manila Mayor",PERSON
"Manila Water",PERSON
"Manila Waters",PERSON
"Manila",PERSON
"Mann Hann",PERSON
"Mann",PERSON
"Manny",PERSON
"Manong Ed Alcaraz ng Unilab; Jarius",PERSON
"Manong Ed Alcaraz ng Unilab;",PERSON
"Manong Ed Alcaraz",PERSON
"Manong Ed",PERSON
"Manong",PERSON
"Mantakin",PERSON
"Manuel",PERSON
"Manunumpa",PERSON
"Mapalad",PERSON
"Mar",PERSON
"Marahas",PERSON
"Marahil",PERSON
"Marami",PERSON
"Maraming Pinoy",PERSON
"Maraming",PERSON
"Maranan",PERSON
"March",PERSON
"Marcos",PERSON
"Marikina City",PERSON
"Marikina Mayor Bayani",PERSON
"Marikina Mayor",PERSON
"Marikina",PERSON
"Maritime Industry Authority",PERSON
"Maritime Industry",PERSON
"Maritime",PERSON
"Marivic",PERSON
"Mariwasa",PERSON
"Marohomsar",PERSON
"Marso",PERSON
"Martes",PERSON
"Martin Burnham",PERSON
"Martin",PERSON
"Mary",PERSON
"Marylou Sandoval Pe Tiu Lim",PERSON
"Marylou Sandoval Pe Tiu",PERSON
"Marylou Sandoval Pe",PERSON
"Marylou Sandoval",PERSON
"Marylou",PERSON
"Mas",PERSON
"Masagana",PERSON
"Masakit",PERSON
"Masarap",PERSON
"Masaya",PERSON
"Masayang",PERSON
"Masayang-masaya",PERSON
"Masigasig",PERSON
"Maski",PERSON
"Mass Media for the Catholic Church",PERSON
"Mass Media",PERSON
"Mass",PERSON
"Mastermind",PERSON
"Master?? ng PBMA",PERSON
"Master??",PERSON
"Masyado",PERSON
"Masyadong",PERSON
"Matagal",PERSON
"Matalino",PERSON
"Matapang",PERSON
"Matapos",PERSON
"Matatakot",PERSON
"Matatandaan",PERSON
"Mateo",PERSON
"Mateo;",PERSON
"Matimtimang",PERSON
"Matindi",PERSON
"Matinding",PERSON
"Matunog",PERSON
"Maturity",PERSON
"May TV",PERSON
"May",PERSON
"May-ari",PERSON
"Maynila",PERSON
"Maynilad Water Services",PERSON
"Maynilad Water",PERSON
"Maynilad",PERSON
"Mayo",PERSON
"Mayor A. ng Southern",PERSON
"Mayor A.",PERSON
"Mayor Fernando",PERSON
"Mayor Fresnedi",PERSON
"Mayor JV Ejercito",PERSON
"Mayor JV",PERSON
"Mayor Jaime Fresnedi",PERSON
"Mayor Jaime",PERSON
"Mayor Luduvico Espinosa",PERSON
"Mayor Luduvico",PERSON
"Mayor Roy Loyola",PERSON
"Mayor Roy",PERSON
"Mayor",PERSON
"Mayroon",PERSON
"Mayroong",PERSON
"McNutt"",PERSON
"Me",PERSON
"Media",PERSON
"Medical Center",PERSON
"Medical",PERSON
"Medina ng Titanium",PERSON
"Medrano Group",PERSON
"Medrano",PERSON
"Medyo",PERSON
"Mega Fishing",PERSON
"Mega Star Sharon",PERSON
"Mega Star",PERSON
"Mega",PERSON
"Member ng Young",PERSON
"Membership Form",PERSON
"Membership",PERSON
"Memorial",PERSON
"Mendoza ng Commission on Appointments",PERSON
"Mendoza ng Commission",PERSON
"Mendoza",PERSON
"Mendoza? Tanong",PERSON
"Mendoza?",PERSON
"Meralco",PERSON
"Meralco?y",PERSON
"Merlyza",PERSON
"Meron",PERSON
"Merong",PERSON
"Mesa Manila",PERSON
"Mesa",PERSON
"Metro Manila Development Authority",PERSON
"Metro Manila Development",PERSON
"Metro Manila",PERSON
"Metro Manila?",PERSON
"Metro Rail Transit Authority",PERSON
"Metro Rail Transit",PERSON
"Metro Rail",PERSON
"Metro",PERSON
"Metropolitan Waterworks",PERSON
"Metropolitan",PERSON
"Mga Ativan Gang",PERSON
"Mga Ativan",PERSON
"Mga Pinoy",PERSON
"Mga",PERSON
"Michael Hennequin",PERSON
"Michael",PERSON
"Michigan",PERSON
"Migrante",PERSON
"Miguel Belmonte",PERSON
"Miguel",PERSON
"Mike",PERSON
"Milo Samson",PERSON
"Milo",PERSON
"Milyong",PERSON
"Milyun-milyong Pilipino",PERSON
"Milyun-milyong",PERSON
"Mimi",PERSON
"Mindanao",PERSON
"Minsan",PERSON
"Miski",PERSON
"Mismong",PERSON
"Missionaries",PERSON
"Miyerkules",PERSON
"Modelo",PERSON
"Molly ng Customs",PERSON
"Molly",PERSON
"Mommy",PERSON
"Mon",PERSON
"Montalban",PERSON
"Monte",PERSON
"Mortgage Rights",PERSON
"Mortgage",PERSON
"Most",PERSON
"Mostrales",PERSON
"Mothers Day",PERSON
"Mothers",PERSON
"Mount",PERSON
"Mr. Ching",PERSON
"Mr. Ely",PERSON
"Mr. Lee",PERSON
"Mr. Lee?",PERSON
"Mr. Leonides",PERSON
"Mr. R.",PERSON
"Mr. S.",PERSON
"Mrs. Arroyo",PERSON
"Mrs. Burnham",PERSON
"Mrs. Ernesto Castillo",PERSON
"Mrs. Ernesto",PERSON
"Mrs. Gracia Burnham",PERSON
"Mrs. Gracia",PERSON
"Mrs. Marivic",PERSON
"Ms. Korina",PERSON
"Ms. Mimi",PERSON
"Mukhang",PERSON
"Mula",PERSON
"Muli",PERSON
"Muling",PERSON
"Mulong",PERSON
"Multi-Purpose Loan",PERSON
"Multi-Purpose",PERSON
"Multo",PERSON
"Mundo",PERSON
"Muntilupa",PERSON
"Muntinlupa City",PERSON
"Muntinlupa",PERSON
"Muslim",PERSON
"Mutual Logistics Support Agreement",PERSON
"Mutual Logistics Support",PERSON
"Mutual Logistics",PERSON
"Mutual",PERSON
"NABUHAY",PERSON
"NAGKATUWAANG",PERSON
"NAGSARA",PERSON
"NAGSASAGAWA",PERSON
"NAIA Customs Collector Celso Templo",PERSON
"NAIA Customs Collector Celso",PERSON
"NAIA Customs Collector",PERSON
"NAIA Customs",PERSON
"NAIA",PERSON
"NAIS",PERSON
"NAKAKADISMAYA",PERSON
"NAKAKAPANGILABOT",PERSON
"NAKAPAGTATAKA",PERSON
"NAKILALA",PERSON
"NANG",PERSON
"NAPAKALAYO",PERSON
"NAPAKARAMI",PERSON
"NAPOCOR ng PPA",PERSON
"NAPOCOR",PERSON
"NARARAPAT",PERSON
"NARITO",PERSON
"NASA",PERSON
"NAT NI BATUIGAS ni Bening Batuigas",PERSON
"NAT NI BATUIGAS ni Bening",PERSON
"NAT NI BATUIGAS",PERSON
"NAT NI",PERSON
"NAT",PERSON
"NAUBOS",PERSON
"NBI",PERSON
"NCRPO",PERSON
"NDI PA TAPOS ANG LABAN Ni Sec. Mike",PERSON
"NDI PA TAPOS ANG LABAN Ni Sec.",PERSON
"NDI PA TAPOS ANG LABAN Ni",PERSON
"NDI PA TAPOS ANG LABAN ni Sec. Mike",PERSON
"NDI PA TAPOS ANG LABAN ni Sec.",PERSON
"NDI PA TAPOS ANG LABAN",PERSON
"NDI PA TAPOS ANG",PERSON
"NDI PA TAPOS",PERSON
"NDI PA",PERSON
"NDI",PERSON
"NGAYON ni Al",PERSON
"NGAYON",PERSON
"NGAYONG Linggong",PERSON
"NGAYONG",PERSON
"NGUMANGAWA",PERSON
"NHMFC",PERSON
"NI BATUIGAS ni Bening",PERSON
"NLRC",PERSON
"NOONG",PERSON
"NPA",PERSON
"NTAY KAPWA Ni Cielito",PERSON
"NTAY KAPWA Ni",PERSON
"NTAY KAPWA ni Cielito "Mahal" Del Mundo",PERSON
"NTAY KAPWA ni Cielito "Mahal" Del",PERSON
"NTAY KAPWA ni Cielito "Mahal"",PERSON
"NTAY KAPWA ni Cielito",PERSON
"NTAY KAPWA",PERSON
"NTAY",PERSON
"Na",PERSON
"Naaangkop",PERSON
"Naalala",PERSON
"Nabalita",PERSON
"Nabanggit",PERSON
"Nabasa",PERSON
"Nabobolang",PERSON
"Nabuking",PERSON
"Nabulabog",PERSON
"Nabunyag",PERSON
"Nacorda",PERSON
"Nadagdagan",PERSON
"Nadako",PERSON
"Nadestino",PERSON
"Nadiskubre",PERSON
"Nadismis",PERSON
"Nag-aabang",PERSON
"Nag-away",PERSON
"Nag-deploy",PERSON
"Nag-isyu",PERSON
"Nag-resign",PERSON
"Naga",PERSON
"Nagawi",PERSON
"Nagbabatuhan",PERSON
"Nagbabayad",PERSON
"Nagbanta",PERSON
"Nagbigay",PERSON
"Nagbubuga",PERSON
"Nagdala",PERSON
"Naggigitgitan",PERSON
"Naghahanap",PERSON
"Naging",PERSON
"Nagising",PERSON
"Nagkagulo",PERSON
"Nagkaroon ng EDSA Dos",PERSON
"Nagkaroon ng EDSA",PERSON
"Nagkaroon",PERSON
"Nagkasagutan",PERSON
"Nagkasukatan",PERSON
"Nagkataon",PERSON
"Nagkawatak-watak",PERSON
"Nagkuwentuhan",PERSON
"Naglabas",PERSON
"Naglalatag",PERSON
"Naglalayag",PERSON
"Naglibot",PERSON
"Nagmano",PERSON
"Nagpagawa",PERSON
"Nagpalakpakan",PERSON
"Nagpapa-pick",PERSON
"Nagpapakita",PERSON
"Nagpapasalamat",PERSON
"Nagpatuloy",PERSON
"Nagpupunta",PERSON
"Nagretiro",PERSON
"Nagsagawa",PERSON
"Nagsampa",PERSON
"Nagsasalpukan",PERSON
"Nagsasaya",PERSON
"Nagsimula",PERSON
"Nagsisigawan",PERSON
"Nagsisimula",PERSON
"Nagsisingit",PERSON
"Nagsu-supply",PERSON
"Nagta-transplant",PERSON
"Nagtagumpay",PERSON
"Nagtaka",PERSON
"Nagtakda",PERSON
"Nagtanong",PERSON
"Nagtapang-tapangan",PERSON
"Nagtatambulan",PERSON
"Nagtayo",PERSON
"Nagtungo",PERSON
"Nagturo",PERSON
"Nagulat",PERSON
"Nagustuhan",PERSON
"Nahawahan",PERSON
"Nahuli ng Naktaf",PERSON
"Nahuli",PERSON
"Naibalik",PERSON
"Naibulong",PERSON
"Naiinis",PERSON
"Naiintindihan",PERSON
"Naipupuslit",PERSON
"Nais",PERSON
"Naisip ni Jorge",PERSON
"Naisip",PERSON
"Naisipan ni Mr. Ching",PERSON
"Naisipan ni Mr.",PERSON
"Naisipan",PERSON
"Naiwan ni Sabaya",PERSON
"Naiwan",PERSON
"Naka-demoralisa",PERSON
"Naka-record",PERSON
"Nakabili",PERSON
"Nakadidismaya",PERSON
"Nakagigimbal",PERSON
"Nakahiga",PERSON
"Nakakaasar",PERSON
"Nakalibot",PERSON
"Nakalulungkot",PERSON
"Nakangingitngit",PERSON
"Nakapagpatalsik",PERSON
"Nakapagtatakang",PERSON
"Nakapaloob",PERSON
"Nakapanggigigil",PERSON
"Nakapanghihinayang",PERSON
"Nakarating",PERSON
"Nakasaad",PERSON
"Nakasadlak",PERSON
"Nakasakay",PERSON
"Nakasalalay",PERSON
"Nakatakas",PERSON
"Nakatakda",PERSON
"Nakatanggap",PERSON
"Nakatatakot",PERSON
"Nakatira",PERSON
"Nakikialam",PERSON
"Nakikinita",PERSON
"Nakilala",PERSON
"Nakipagkarera",PERSON
"Nakisimpatya",PERSON
"Nakita",PERSON
"Naktaf",PERSON
"Nakulong",PERSON
"Nalilimutan",PERSON
"Nalinlang",PERSON
"Namahinga",PERSON
"Namamangha",PERSON
"Namatay",PERSON
"Namigay",PERSON
"Namihasa",PERSON
"Namonitor",PERSON
"Namukhaan",PERSON
"Nananahan",PERSON
"Nananatili",PERSON
"Nananawagan",PERSON
"Nanette",PERSON
"Nang",PERSON
"Nangakong",PERSON
"Nanggagalaiti",PERSON
"Nanghihinayang",PERSON
"Nangholdap",PERSON
"Nanginginig",PERSON
"Nanguna",PERSON
"Nangunguna",PERSON
"Nangungupahan",PERSON
"Naniniwala",PERSON
"Napadura",PERSON
"Napag-alaman ng UP Marines Science Institute",PERSON
"Napag-alaman ng UP Marines Science",PERSON
"Napag-alaman ng UP Marines",PERSON
"Napag-alaman ng UP",PERSON
"Napag-alaman",PERSON
"Napahinto",PERSON
"Napairap",PERSON
"Napaiyak",PERSON
"Napaka-negative",PERSON
"Napakamot",PERSON
"Napakasakit",PERSON
"Napalaya",PERSON
"Napamahal",PERSON
"Napangiti",PERSON
"Naparito",PERSON
"Napatay",PERSON
"Napatunayang",PERSON
"Napaupo",PERSON
"Napocor",PERSON
"Napuno",PERSON
"Nararapat",PERSON
"Narcotics Group Chief Dir. Efren Fernandez",PERSON
"Narcotics Group Chief Dir. Efren",PERSON
"Narcotics Group Chief Dir.",PERSON
"Narcotics Group Chief",PERSON
"Narcotics Group",PERSON
"Narcotics",PERSON
"Narinig",PERSON
"Nariyan",PERSON
"Nasa",PERSON
"Nasaan",PERSON
"Nasabi",PERSON
"Nasasadlak",PERSON
"Nasilaw",PERSON
"Nasira",PERSON
"Nasisiguro",PERSON
"Nasunog",PERSON
"Natagpuan",PERSON
"Natagpuang",PERSON
"Natahimik",PERSON
"Natakot",PERSON
"Natalie",PERSON
"Natanaw",PERSON
"Natanggap",PERSON
"Natigil",PERSON
"Natigilan",PERSON
"Nation Address",PERSON
"Nation",PERSON
"National Anti-Kidnapping Task Force",PERSON
"National Anti-Kidnapping Task",PERSON
"National Anti-Kidnapping",PERSON
"National Bureau of Investigation",PERSON
"National Bureau",PERSON
"National Capital Region Police Office",PERSON
"National Capital Region Police",PERSON
"National Capital Region",PERSON
"National Capital Regional Po-lice Office",PERSON
"National Capital Regional Po-lice",PERSON
"National Capital Regional Police Office",PERSON
"National Capital Regional Police",PERSON
"National Capital Regional",PERSON
"National Capital",PERSON
"National Director ng Mass Media for the Catholic",PERSON
"National Director ng Mass Media",PERSON
"National Director ng Mass",PERSON
"National Director",PERSON
"National Home Mortgage",PERSON
"National Home",PERSON
"National Kidney",PERSON
"National Mapping Office",PERSON
"National Mapping",PERSON
"National Police",PERSON
"National",PERSON
"Nations",PERSON
"Natuklasan",PERSON
"Natural Resources Development",PERSON
"Natural Resources",PERSON
"Natural",PERSON
"Natutuhan",PERSON
"Naudlot",PERSON
"Navarro",PERSON
"Navotas Mayor Toby Tiangco",PERSON
"Navotas Mayor Toby",PERSON
"Navotas Mayor",PERSON
"Navotas",PERSON
"Nawa",PERSON
"Nawalan",PERSON
"Negosyo",PERSON
"Negros Oriental",PERSON
"Negros",PERSON
"Nene",PERSON
"Neneng? Baka",PERSON
"Neneng?",PERSON
"Nestor",PERSON
"Nestorio",PERSON
"Never",PERSON
"New York City",PERSON
"New York",PERSON
"New",PERSON
"Ng",PERSON
"Nganga",PERSON
"Ngayon",PERSON
"Ngayong",PERSON
"Ngayo?y",PERSON
"Ngumangawa",PERSON
"Ngunit",PERSON
"Ni Jopet",PERSON
"Ni Sec. Mike Defensor",PERSON
"Ni",PERSON
"Ni-rape",PERSON
"Ni-rescue ng Philippine",PERSON
"Ni-rescue",PERSON
"Nick",PERSON
"Nicolas",PERSON
"Nida Blanca",PERSON
"Nida ng Nobyembre",PERSON
"Nida",PERSON
"Nilagdaang EO 215",PERSON
"Nilagdaang EO",PERSON
"Nilagdaang",PERSON
"Niligawan",PERSON
"Nilingon",PERSON
"Nilo Valderama",PERSON
"Nilo",PERSON
"Ninang",PERSON
"Ninong Toto",PERSON
"Ninong",PERSON
"Ninong? S?ya",PERSON
"Ninong?",PERSON
"Ninoy Aquino International Airport",PERSON
"Ninoy Aquino International",PERSON
"Ninoy Aquino",PERSON
"Ninoy",PERSON
"Nirerekomenda",PERSON
"Nitz Castillo",PERSON
"Nitz",PERSON
"Nobyembre",PERSON
"Noel",PERSON
"Nokia",PERSON
"Nolyn",PERSON
"Noon",PERSON
"Noong Abril",PERSON
"Noong April",PERSON
"Noong June",PERSON
"Noong Mayo 21",PERSON
"Noong Mayo",PERSON
"Noong Setyembre",PERSON
"Noong",PERSON
"Norte Congresswoman Glenda Ecleo",PERSON
"Norte Congresswoman Glenda",PERSON
"Norte Congresswoman",PERSON
"Norte",PERSON
"Northern Police District",PERSON
"Northern Police",PERSON
"Northern",PERSON
"Now",PERSON
"Noypi",PERSON
"Nur",PERSON
"OFW",PERSON
"OFWs",PERSON
"OFW?s",PERSON
"OICs",PERSON
"ON PO SA NAYON",PERSON
"ON PO SA",PERSON
"ON PO",PERSON
"ON",PERSON
"OPM",PERSON
"ORA MISMO",PERSON
"ORA",PERSON
"OWWA",PERSON
"Oakley",PERSON
"Oasay",PERSON
"Oca",PERSON
"October",PERSON
"Of",PERSON
"Office of the Chairman Housing",PERSON
"Office of the Chairman",PERSON
"Office",PERSON
"Officer",PERSON
"Oggie",PERSON
"Okay",PERSON
"Okey",PERSON
"Old",PERSON
"Omnibus Election Code",PERSON
"Omnibus Election",PERSON
"Omnibus Power",PERSON
"Omnibus",PERSON
"On",PERSON
"Ong",PERSON
"Onli",PERSON
"Oo",PERSON
"Opisyal",PERSON
"Ople",PERSON
"Oposisyon",PERSON
"Opposition",PERSON
"Order",PERSON
"Oreta",PERSON
"Organization",PERSON
"Osama",PERSON
"Out",PERSON
"Overseas Workers Welfare Administration",PERSON
"Overseas Workers Welfare",PERSON
"Overseas Workers",PERSON
"Overseas",PERSON
"Oyie Guerra",PERSON
"Oyie",PERSON
"P. Guevarra",PERSON
"P120-million",PERSON
"P150",PERSON
"P2",PERSON
"P3",PERSON
"P30",PERSON
"P36",PERSON
"P5",PERSON
"P50",PERSON
"P6",PERSON
"PA TAPOS ANG LABAN ni Sec.",PERSON
"PAANO",PERSON
"PAG MAY KATWIRAN Ni Jopet Sison",PERSON
"PAG MAY KATWIRAN Ni Jopet",PERSON
"PAG MAY KATWIRAN Ni",PERSON
"PAG MAY KATWIRAN ni Jopet Sison",PERSON
"PAG MAY KATWIRAN ni Jopet",PERSON
"PAG MAY KATWIRAN",PERSON
"PAG MAY",PERSON
"PAG",PERSON
"PAL",PERSON
"PAL? Kung",PERSON
"PAL?",PERSON
"PALabigasan",PERSON
"PANAHON",PERSON
"PARANG",PERSON
"PAUWI",PERSON
"PBA",PERSON
"PBMA",PERSON
"PCSO Chairperson Honeygirl Singson-de",PERSON
"PCSO Chairperson Honeygirl",PERSON
"PCSO Chairperson",PERSON
"PCSO",PERSON
"PICC",PERSON
"PIN",PERSON
"PLEASE",PERSON
"PMA",PERSON
"PNB Hong",PERSON
"PNB",PERSON
"PNP Col. Raffy",PERSON
"PNP Col.",PERSON
"PNP",PERSON
"PNP-Criminal Investigation",PERSON
"PNP-Criminal",PERSON
"PNP-Narcotics",PERSON
"PNP? Marami",PERSON
"PNP?",PERSON
"PO2 Christopher",PERSON
"PO2",PERSON
"PO3 Robert Zapata",PERSON
"PO3 Robert",PERSON
"PO3 Rolando",PERSON
"PO3",PERSON
"POL ni Jarius Bondoc",PERSON
"POL ni Jarius",PERSON
"POL",PERSON
"POP Housing",PERSON
"POP",PERSON
"PPA ng Meralco",PERSON
"PPA",PERSON
"PPA-Meralco",PERSON
"PPAs ng Meralco",PERSON
"PPAs",PERSON
"PR",PERSON
"PSN",PERSON
"PTA",PERSON
"PWRCC-CFI",PERSON
"Paano",PERSON
"Paanong",PERSON
"Paano?y",PERSON
"Pabor",PERSON
"Padilim",PERSON
"Pag",PERSON
"Pag-IBIG Branch",PERSON
"Pag-IBIG Dagupan Extension Office",PERSON
"Pag-IBIG Dagupan Extension",PERSON
"Pag-IBIG Dagupan",PERSON
"Pag-IBIG Housing Loan",PERSON
"Pag-IBIG Housing",PERSON
"Pag-IBIG Membership Maturity",PERSON
"Pag-IBIG Membership",PERSON
"Pag-IBIG Multi-Purpose Loan",PERSON
"Pag-IBIG Multi-Purpose",PERSON
"Pag-IBIG Overseas Program Office",PERSON
"Pag-IBIG Overseas Program",PERSON
"Pag-IBIG Overseas",PERSON
"Pag-IBIG POP",PERSON
"Pag-IBIG",PERSON
"Pag-aalsa",PERSON
"Pag-opera",PERSON
"Pag-umuulan",PERSON
"Pag-withdraw",PERSON
"Pagalingin",PERSON
"Pagbaba",PERSON
"Pagbabawal",PERSON
"Pagbalik",PERSON
"Pagbayarin",PERSON
"Pagdating",PERSON
"Pagilingin",PERSON
"Pagkakapatay",PERSON
"Pagkakuha",PERSON
"Pagkaraan ng 32",PERSON
"Pagkaraan",PERSON
"Pagkaraa?y",PERSON
"Pagkat",PERSON
"Pagkatapos",PERSON
"Paglabas",PERSON
"Pagmamahal",PERSON
"Pagtanggap",PERSON
"Pagturing",PERSON
"Pajes",PERSON
"Pakapalan",PERSON
"Pakilagay",PERSON
"Pakinggan",PERSON
"Pakipaliwanag",PERSON
"Palagi",PERSON
"Palaging",PERSON
"Palasyo",PERSON
"Palawan",PERSON
"Palayain",PERSON
"Palayasin",PERSON
"Palibhasa?y",PERSON
"Palitan",PERSON
"Palpak",PERSON
"Palpak"?",PERSON
"Palsipikadong",PERSON
"Paminsan-minsan",PERSON
"Pampanga",PERSON
"Pampanga; Pablo Garcia",PERSON
"Pampanga; Pablo",PERSON
"Pampanga;",PERSON
"Panahon",PERSON
"Panalo",PERSON
"Panandaliang",PERSON
"Panay",PERSON
"Panfilo Lacson",PERSON
"Panfilo",PERSON
"Pang",PERSON
"Pangalagaan",PERSON
"Pangalawa",PERSON
"Pangarap Village",PERSON
"Pangarap",PERSON
"Pangarap??",PERSON
"Pangasinan PNP",PERSON
"Pangasinan",PERSON
"Pangasinan; Jack Mayor ng Jardine Davies Agchem; Daisy",PERSON
"Pangasinan; Jack Mayor ng Jardine Davies Agchem;",PERSON
"Pangasinan; Jack Mayor ng Jardine Davies",PERSON
"Pangasinan; Jack Mayor ng Jardine",PERSON
"Pangasinan; Jack Mayor",PERSON
"Pangasinan; Jack",PERSON
"Pangasinan;",PERSON
"Panghugas",PERSON
"Panginoong",PERSON
"Pangkat",PERSON
"Pangulo",PERSON
"Pansamantala",PERSON
"Pansariling",PERSON
"Pantaleon Alvarez",PERSON
"Pantaleon",PERSON
"Papaalis",PERSON
"Papaano",PERSON
"Papansinin",PERSON
"Papasok",PERSON
"Papayag",PERSON
"Papayuhan",PERSON
"Para",PERSON
"Paraan",PERSON
"Parami",PERSON
"Parang",PERSON
"Parating",PERSON
"Parañaque",PERSON
"Parehas",PERSON
"Pareho",PERSON
"Pari",PERSON
"Paris",PERSON
"Pasama",PERSON
"Pasasalamat ng Pinoy",PERSON
"Pasasalamat",PERSON
"Pasasalamat???",PERSON
"Pasay City Chief of Police Supt. Eduardo",PERSON
"Pasay City Chief of Police Supt.",PERSON
"Pasay City Chief of Police",PERSON
"Pasay City Chief",PERSON
"Pasay City",PERSON
"Pasay Police Chief Eduardo",PERSON
"Pasay Police Chief",PERSON
"Pasay Police",PERSON
"Pasay Police?s",PERSON
"Pasay",PERSON
"Pasig",PERSON
"Pasok",PERSON
"Patay",PERSON
"Pati Senado",PERSON
"Pati",PERSON
"Patindi",PERSON
"Patiño",PERSON
"Patricia",PERSON
"Patty",PERSON
"Patuloy",PERSON
"Paul",PERSON
"Paulo",PERSON
"Pauunlarin",PERSON
"Pawang",PERSON
"Payatas",PERSON
"Payo",PERSON
"Pe",PERSON
"Pebrero",PERSON
"Pedro",PERSON
"Pedroche",PERSON
"Penarubia",PERSON
"Pendaton Ramos",PERSON
"Pendaton",PERSON
"Pentagon Gang",PERSON
"Pentagon",PERSON
"Pera-pera",PERSON
"Perez",PERSON
"Pero",PERSON
"Personal",PERSON
"Philip-pine Military Academy",PERSON
"Philip-pine Military",PERSON
"Philip-pine",PERSON
"Philippine Amusement",PERSON
"Philippine Benevolent Missionaries Association",PERSON
"Philippine Benevolent Missionaries",PERSON
"Philippine Benevolent",PERSON
"Philippine Coast",PERSON
"Philippine Consulate General Sarhan Al Ajmawi",PERSON
"Philippine Consulate General Sarhan Al",PERSON
"Philippine Consulate General Sarhan",PERSON
"Philippine Consulate General United",PERSON
"Philippine Consulate General",PERSON
"Philippine Consulate",PERSON
"Philippine Embassy Site",PERSON
"Philippine Embassy",PERSON
"Philippine Information Agency",PERSON
"Philippine Information",PERSON
"Philippine Military Academy",PERSON
"Philippine Military",PERSON
"Philippine National Police",PERSON
"Philippine National",PERSON
"Philippine Navy",PERSON
"Philippine Port",PERSON
"Philippine Postal",PERSON
"Philippine",PERSON
"Philippines!",PERSON
"Philippines",PERSON
"Philosophy",PERSON
"Philtranco Bus Lines",PERSON
"Philtranco Bus",PERSON
"Philtranco",PERSON
"Piad",PERSON
"Pilipina",PERSON
"Pilipinang",PERSON
"Pilipinas",PERSON
"Pilipino Star",PERSON
"Pilipino",PERSON
"Pilipino"",PERSON
"Pilipino'",PERSON
"Pilipinong HIV",PERSON
"Pilipinong",PERSON
"Pimentel",PERSON
"Pina-kaladkad ng Hari",PERSON
"Pina-kaladkad",PERSON
"Pinabuhusan",PERSON
"Pinag-interesan",PERSON
"Pinagiba",PERSON
"Pinagkalooban",PERSON
"Pinagsumikapan",PERSON
"Pinagtigi-tigisahan ng 12",PERSON
"Pinagtigi-tigisahan",PERSON
"Pinaka-latest",PERSON
"Pinaka-mahalagang",PERSON
"Pinakabagong",PERSON
"Pinakakasuhan",PERSON
"Pinakamabigat",PERSON
"Pinakamalaki",PERSON
"Pinalitan",PERSON
"Pinanatili ni Mateo",PERSON
"Pinanatili",PERSON
"Pinaniniwalaan",PERSON
"Pinaniniwalaang",PERSON
"Pinapa-alala ng National Kidney",PERSON
"Pinapa-alala ng National",PERSON
"Pinapa-alala",PERSON
"Pinapalapit",PERSON
"Pinapasok",PERSON
"Pinapupunta",PERSON
"Pinare-reprimand",PERSON
"Pinasasahod",PERSON
"Pinasiklab ni Gat Andres Bonifacio",PERSON
"Pinasiklab ni Gat Andres",PERSON
"Pinasiklab ni Gat",PERSON
"Pinasiklab",PERSON
"Pinasilo",PERSON
"Pinatay",PERSON
"Pinawalang",PERSON
"Pinay",PERSON
"Pine ng Pine",PERSON
"Pine",PERSON
"Ping Lacson",PERSON
"Ping",PERSON
"Pinoy",PERSON
"Pinulot",PERSON
"Pipirmahan",PERSON
"Pito",PERSON
"Pitong",PERSON
"Po-lice Office",PERSON
"Police Chief",PERSON
"Police District",PERSON
"Police District-Intelligence",PERSON
"Police Office",PERSON
"Police Regional Office 4",PERSON
"Police Regional Office",PERSON
"Police Regional",PERSON
"Police Supt. Eduardo",PERSON
"Police Supt.",PERSON
"Police",PERSON
"Poloniong",PERSON
"Poong Maykapal",PERSON
"Poong",PERSON
"Pop Music",PERSON
"Pop",PERSON
"Pope John Paul II",PERSON
"Pope John Paul",PERSON
"Pope John",PERSON
"Pope",PERSON
"Power",PERSON
"Pranses",PERSON
"President Fidel Ramos",PERSON
"President Fidel",PERSON
"President Gloria Macapagal- Arroyo",PERSON
"President Gloria Macapagal-",PERSON
"President Gloria Macapagal-Arroyo",PERSON
"President Gloria",PERSON
"President Joseph",PERSON
"President Pro",PERSON
"President",PERSON
"Presidente Arroyo",PERSON
"Presidente Erap",PERSON
"Presidente Estrada",PERSON
"Presidente Fidel V.",PERSON
"Presidente Fidel",PERSON
"Presidente Gloria Macapagal-Arroyo",PERSON
"Presidente Gloria",PERSON
"Presidente",PERSON
"Presidente?",PERSON
"Presidential Management Staff",PERSON
"Presidential Management",PERSON
"Presidential",PERSON
"Prez GMA",PERSON
"Prez Gloria",PERSON
"Prez",PERSON
"Pro",PERSON
"Probinsya",PERSON
"Problema",PERSON
"Producers",PERSON
"Prognois",PERSON
"Program ng Pag-IBIG",PERSON
"Program",PERSON
"Prosecutors",PERSON
"Provident Benefit",PERSON
"Provident",PERSON
"Public Order",PERSON
"Public Works",PERSON
"Public",PERSON
"Puerto",PERSON
"Pulaman Wild Life Rescue",PERSON
"Pulaman Wild Life",PERSON
"Pulaman Wild",PERSON
"Pulaman",PERSON
"Pulse Asia",PERSON
"Pulse",PERSON
"Pumalit",PERSON
"Pumasok",PERSON
"Pumatay",PERSON
"Pumayag",PERSON
"Pumirma",PERSON
"Pumunta",PERSON
"Pupunta",PERSON
"Purchased Power Adjustments",PERSON
"Purchased Power",PERSON
"Purchased",PERSON
"Puro",PERSON
"Puspusan",PERSON
"Putok",PERSON
"Puwede",PERSON
"Puwedeng",PERSON
"QC; Franching",PERSON
"QC;",PERSON
"Quejada",PERSON
"Quezon City Regional Trial Court",PERSON
"Quezon City Regional Trial",PERSON
"Quezon City Regional",PERSON
"Quezon City",PERSON
"Quezon City? Ito",PERSON
"Quezon City?",PERSON
"Quezon!",PERSON
"Quezon",PERSON
"Quirino; Mrs.",PERSON
"Quirino;",PERSON
"RC",PERSON
"RTC Branch",PERSON
"RTC",PERSON
"Rafael Cardeño ng YOU",PERSON
"Rafael",PERSON
"Raffy",PERSON
"Ramon Magsaysay",PERSON
"Ramon",PERSON
"Ramon?",PERSON
"Ramos",PERSON
"Raul",PERSON
"Razon",PERSON
"Reform Act",PERSON
"Region",PERSON
"Regional Intelligence",PERSON
"Regional",PERSON
"Regular",PERSON
"Reina",PERSON
"Remember",PERSON
"Remulla",PERSON
"Rene Cayetano",PERSON
"Rene",PERSON
"Rent-to-Own Program ng Pag-IBIG",PERSON
"Rent-to-Own Program",PERSON
"Rent-to-Own",PERSON
"Representatives",PERSON
"Reps",PERSON
"Resulta",PERSON
"Return",PERSON
"Reuter",PERSON
"Rev. Fr. Joselito",PERSON
"Rev. Fr.",PERSON
"Revamp",PERSON
"Rex",PERSON
"Rey",PERSON
"Reyes",PERSON
"Reynaldo",PERSON
"Reynato",PERSON
"Reynold Mina",PERSON
"Reynold",PERSON
"Ricardo",PERSON
"Ricardo?",PERSON
"Rich",PERSON
"Richard Nganga ng Marikina",PERSON
"Richard",PERSON
"Rico T.",PERSON
"Rico",PERSON
"Rivera",PERSON
"Riyadh Saudi Arabia",PERSON
"Riyadh Saudi",PERSON
"Riyadh",PERSON
"Rizal",PERSON
"Robert Barbers",PERSON
"Robert",PERSON
"Rodolfo Macha",PERSON
"Rodolfo",PERSON
"Rodrigo",PERSON
"Roel",PERSON
"Roland",PERSON
"Rolando Patiño",PERSON
"Rolando",PERSON
"Rolex",PERSON
"Rolly!",PERSON
"Rolly",PERSON
"Ronald Pine ng Pine",PERSON
"Ronald Pine",PERSON
"Ronald",PERSON
"Ros",PERSON
"Rosa Laguna",PERSON
"Rosa",PERSON
"Rossi?",PERSON
"Rowlando",PERSON
"Roxas",PERSON
"Roy",PERSON
"Ruben Ecleo Jr. Ang",PERSON
"Ruben Ecleo Jr.",PERSON
"Ruben Ecleo",PERSON
"Ruben",PERSON
"Ruel",PERSON
"SA",PERSON
"SALAMAT",PERSON
"SAMPUNG",PERSON
"SAMU?T SARING",PERSON
"SAMU?T",PERSON
"SB",PERSON
"SI Donna",PERSON
"SI Gerry",PERSON
"SI Jesus",PERSON
"SI Jorge",PERSON
"SI Mr. Lee",PERSON
"SI Mr.",PERSON
"SI Tata Poloniong",PERSON
"SI Tata",PERSON
"SI",PERSON
"SIBOL ni Caren",PERSON
"SK Chairman Weepee Balasa",PERSON
"SK Chairman Weepee",PERSON
"SK Chairman",PERSON
"SK Election",PERSON
"SK",PERSON
"SPECIAL ni Deo",PERSON
"SPO-10",PERSON
"SPO1 Antonio",PERSON
"SPO1 Arnold Sandoval ng District Police Intelligence Unit",PERSON
"SPO1 Arnold Sandoval ng District Police Intelligence",PERSON
"SPO1 Arnold Sandoval ng District Police",PERSON
"SPO1 Arnold Sandoval ng District",PERSON
"SPO1 Arnold Sandoval",PERSON
"SPO1 Arnold",PERSON
"SPO1 Danilo Monte",PERSON
"SPO1 Danilo Sibal ng Station",PERSON
"SPO1 Danilo Sibal",PERSON
"SPO1 Danilo",PERSON
"SPO1 Jess Balakid",PERSON
"SPO1 Jess",PERSON
"SPO1 Joseph",PERSON
"SPO1 Tom Bio",PERSON
"SPO1 Tom",PERSON
"SPO1",PERSON
"SPO1's Sandoval",PERSON
"SPO1's",PERSON
"SPO2 Charlie",PERSON
"SPO2",PERSON
"SPO3 Jorge",PERSON
"SPO3 Rod Villaruel",PERSON
"SPO3 Rod",PERSON
"SPO3",PERSON
"SPO4 Norberto",PERSON
"SPO4",PERSON
"SSS",PERSON
"STM",PERSON
"STO LANG ni Joel Palacios",PERSON
"STO LANG ni Joel",PERSON
"STO LANG",PERSON
"STO",PERSON
"SUMAPIT",PERSON
"SWAK",PERSON
"SWAT",PERSON
"SYON NGAYON ni Al G. Pedroche",PERSON
"SYON NGAYON ni Al G.",PERSON
"SYON NGAYON ni Al",PERSON
"SYON NGAYON",PERSON
"SYON",PERSON
"Sa AFP",PERSON
"Sa Azucena",PERSON
"Sa Eastern Metro Manila",PERSON
"Sa Eastern Metro",PERSON
"Sa Eastern",PERSON
"Sa Golden City",PERSON
"Sa Golden",PERSON
"Sa MPL",PERSON
"Sa Marikina",PERSON
"Sa May 2003",PERSON
"Sa May",PERSON
"Sa Maynila",PERSON
"Sa Northern Metro Manila",PERSON
"Sa Northern Metro",PERSON
"Sa Northern",PERSON
"Sa Western Police District",PERSON
"Sa Western Police",PERSON
"Sa Western",PERSON
"Sa",PERSON
"Saad",PERSON
"Saan",PERSON
"Sabado",PERSON
"Sabagay",PERSON
"Sabaya",PERSON
"Sabaya: To",PERSON
"Sabaya:",PERSON
"Sabaya? Sari-sari",PERSON
"Sabaya? Totoo",PERSON
"Sabaya?",PERSON
"Sabi",PERSON
"Sabit",PERSON
"Sacramento? Ang",PERSON
"Sacramento?",PERSON
"Sadyang",PERSON
"Sagot",PERSON
"Saka",PERSON
"Sakit",PERSON
"Sakop",PERSON
"Salamat",PERSON
"Sale of Mortgage Rights",PERSON
"Sale of Mortgage",PERSON
"Sale",PERSON
"Saligang Batas",PERSON
"Saligang",PERSON
"Salinlahi",PERSON
"Salvacion",PERSON
"Samantala",PERSON
"Sampaloc",PERSON
"Sampu",PERSON
"Sampung",PERSON
"San Bernardo:",PERSON
"San Juan",PERSON
"San Nicolas",PERSON
"San",PERSON
"Sana",PERSON
"Sana?y",PERSON
"Sandoval Shipyards",PERSON
"Sandoval ng Palawan",PERSON
"Sandoval",PERSON
"Sandoval? Ewan",PERSON
"Sandoval?",PERSON
"Sang-ayon",PERSON
"Sangguniang Kabataan",PERSON
"Sangguniang",PERSON
"Sangkot",PERSON
"Santiago",PERSON
"Santillan",PERSON
"Santos",PERSON
"Sapagkat",PERSON
"Sapat",PERSON
"Sarhan Al",PERSON
"Sari-sari",PERSON
"Sarip",PERSON
"Sasabihing",PERSON
"Saudi Arabia",PERSON
"Saudi",PERSON
"Sayang",PERSON
"Sayyaf",PERSON
"Science",PERSON
"Scout Rangers",PERSON
"Scout",PERSON
"Sea of Galilee",PERSON
"Sea",PERSON
"Sec. Lina",PERSON
"Sec. Lina?",PERSON
"Sec. Mike",PERSON
"Sec. Raul",PERSON
"Second",PERSON
"Secreatry",PERSON
"Secretary Heherson Alvarez ng Department of Environment",PERSON
"Secretary Heherson Alvarez ng Department",PERSON
"Secretary Heherson Alvarez",PERSON
"Secretary Heherson",PERSON
"Secretary Joey",PERSON
"Secretary Renato",PERSON
"Secretary ng Korean",PERSON
"Secretary ng South",PERSON
"Secretary of Environment",PERSON
"Secretary",PERSON
"Securities",PERSON
"Security",PERSON
"Senado",PERSON
"Senado?",PERSON
"Senador Panfilo",PERSON
"Senador",PERSON
"Senate Bill 1834",PERSON
"Senate Bill 2132",PERSON
"Senate Bill",PERSON
"Senate Committee on Public Order",PERSON
"Senate Committee on Public",PERSON
"Senate Committee",PERSON
"Senate President Frank",PERSON
"Senate President Franklin Drilon",PERSON
"Senate President Franklin",PERSON
"Senate President Pro",PERSON
"Senate President",PERSON
"Senate Report",PERSON
"Senate",PERSON
"Senior Police Officer 1",PERSON
"Senior Police Officer",PERSON
"Senior Police",PERSON
"Senior Supt. Jose Antonio Salvacion",PERSON
"Senior Supt. Jose Antonio",PERSON
"Senior Supt. Jose",PERSON
"Senior Supt. Leonilo",PERSON
"Senior Supt.",PERSON
"Senior",PERSON
"September",PERSON
"Serge O.",PERSON
"Serge Osmeña",PERSON
"Serge",PERSON
"Service of the Armed Forces of the Philippines",PERSON
"Service of the Armed",PERSON
"Service",PERSON
"Services",PERSON
"Sewerage System",PERSON
"Sewerage",PERSON
"Sex",PERSON
"Sexy",PERSON
"Shabu Lab",PERSON
"Shabu",PERSON
"Sharon",PERSON
"She",PERSON
"Shiela Tabuniag",PERSON
"Shiela",PERSON
"Si Abalos",PERSON
"Si Benipayo",PERSON
"Si Blas",PERSON
"Si Burnham",PERSON
"Si Congressman",PERSON
"Si Deputy Director Gen. Hermogenes Ebdane Jr.",PERSON
"Si Deputy Director Gen. Hermogenes Ebdane",PERSON
"Si Deputy Director Gen. Hermogenes",PERSON
"Si Deputy Director Gen.",PERSON
"Si Deputy Director",PERSON
"Si Deputy",PERSON
"Si Ebdane",PERSON
"Si Ed",PERSON
"Si Ediborah",PERSON
"Si Ejercito",PERSON
"Si FPJ",PERSON
"Si Father James",PERSON
"Si Father",PERSON
"Si Fr. Nacorda",PERSON
"Si Fr. Reuter",PERSON
"Si Fr.",PERSON
"Si Gary",PERSON
"Si Gracia Burnham",PERSON
"Si Gracia",PERSON
"Si Guingona",PERSON
"Si Itay! Dumating",PERSON
"Si Itay!",PERSON
"Si John",PERSON
"Si Level",PERSON
"Si Lina",PERSON
"Si Lucio Tan",PERSON
"Si Lucio",PERSON
"Si Martin",PERSON
"Si Mayor Fresnedi",PERSON
"Si Mayor",PERSON
"Si Mendoza",PERSON
"Si Minority Leader Nene",PERSON
"Si Minority Leader",PERSON
"Si Minority",PERSON
"Si Montayre",PERSON
"Si Mr. Ching",PERSON
"Si Mr.",PERSON
"Si Oreta",PERSON
"Si Panfilo",PERSON
"Si Pimentel",PERSON
"Si Sabaya",PERSON
"Si Simbulan",PERSON
"Si Simon",PERSON
"Si Sobero",PERSON
"Si Steve",PERSON
"Si Tancangco",PERSON
"Si Tata Poloniong",PERSON
"Si Tata",PERSON
"Si Velasco",PERSON
"Si",PERSON
"Siapno",PERSON
"Sibakan",PERSON
"Sibal",PERSON
"Sibal?",PERSON
"Sibuco",PERSON
"Side",PERSON
"Siguradong",PERSON
"Siguro",PERSON
"Siguro?y",PERSON
"Sikaping",PERSON
"Sikat",PERSON
"Sila",PERSON
"Silencio",PERSON
"Simbahan",PERSON
"Simbulan",PERSON
"Simong",PERSON
"Simula",PERSON
"Simulan",PERSON
"Sina Robert Jaworski",PERSON
"Sina Robert",PERSON
"Sina Tabuniag",PERSON
"Sina Villaruel",PERSON
"Sina",PERSON
"Sinabi ng mga OFWs",PERSON
"Sinabi ni Alvarez",PERSON
"Sinabi ni DENR Sec. Heherson Alvarez:",PERSON
"Sinabi ni DENR Sec. Heherson",PERSON
"Sinabi ni DENR Sec.",PERSON
"Sinabi ni DENR",PERSON
"Sinabi ni Guingona",PERSON
"Sinabi ni Jesus",PERSON
"Sinabi ni Lt. Col. Reynato",PERSON
"Sinabi ni Lt. Col.",PERSON
"Sinabi ni Lt.",PERSON
"Sinabi ni Nacorda",PERSON
"Sinabi ni Sy",PERSON
"Sinabi ni Tiangco",PERSON
"Sinabi",PERSON
"Sinalungat",PERSON
"Sinasabi",PERSON
"Sinasang-ayunan",PERSON
"Sinibak",PERSON
"Sinikap",PERSON
"Sinimangutan",PERSON
"Sinimulan",PERSON
"Siningil",PERSON
"Sinipa",PERSON
"Sinira ni John O.",PERSON
"Sinira ni John",PERSON
"Sinira",PERSON
"Sinisi",PERSON
"Sino",PERSON
"Sinubukan",PERSON
"Sinulatan",PERSON
"Sinungaling",PERSON
"Sir Pasinos",PERSON
"Sir! Magbago",PERSON
"Sir!",PERSON
"Sir",PERSON
"Sir? Mapabuo",PERSON
"Sir? Naubos",PERSON
"Sir?",PERSON
"Siraan",PERSON
"Sirang-sira",PERSON
"Sir??",PERSON
"Sison",PERSON
"Site",PERSON
"Siya",PERSON
"Siya?y",PERSON
"Siyempre",PERSON
"Smart",PERSON
"So",PERSON
"Social Welfare",PERSON
"Social",PERSON
"Sonny Li Bog",PERSON
"Sonny Li",PERSON
"Sonny",PERSON
"Soriano",PERSON
"South Korean",PERSON
"South",PERSON
"Southcom",PERSON
"Southern Command",PERSON
"Southern Police",PERSON
"Southern",PERSON
"Speaker Joe",PERSON
"Speaker",PERSON
"Special Forces",PERSON
"Special Operations Office",PERSON
"Special Operations",PERSON
"Special Purpose Asset",PERSON
"Special Purpose",PERSON
"Special Weapons",PERSON
"Special",PERSON
"Sr. Supt. Francisco Villaroman",PERSON
"Sr. Supt. Francisco",PERSON
"Sr. Supt. Oca Calderon",PERSON
"Sr. Supt. Oca",PERSON
"Sr. Supt.",PERSON
"St. Theresa?s Parish Church",PERSON
"St. Theresa?s Parish",PERSON
"St. Theresa?s",PERSON
"Staff",PERSON
"State of the Nation Address",PERSON
"State of the Nation",PERSON
"State",PERSON
"Station Commander ng WPD-PS8",PERSON
"Station Commander",PERSON
"Station",PERSON
"Stephen",PERSON
"Steve",PERSON
"Still?s",PERSON
"Stogies??",PERSON
"Stop",PERSON
"Subalit",PERSON
"Subic",PERSON
"Sumali",PERSON
"Sumigaw",PERSON
"Sumulat",PERSON
"Sumuway",PERSON
"Superville",PERSON
"Support",PERSON
"Supreme Court",PERSON
"Supreme",PERSON
"Supt. Bun",PERSON
"Supt. De",PERSON
"Supt. Eddie",PERSON
"Supt. Eduardo",PERSON
"Supt. John",PERSON
"Supt. Mulong",PERSON
"Supt. Noel",PERSON
"Supt. Rafael Cardeño ng YOU",PERSON
"Supt. Rafael Cardeño",PERSON
"Supt. Rafael",PERSON
"Supt. Reynaldo Berroya ng Region",PERSON
"Supt. Rodrigo",PERSON
"Supt. Roland Navarro",PERSON
"Supt. Roland",PERSON
"Sure",PERSON
"Surigao",PERSON
"Susubaybayan",PERSON
"Susunod",PERSON
"Sy",PERSON
"Sylvia La",PERSON
"Sylvia",PERSON
"Syndrome",PERSON
"S?ya",PERSON
"TANDANG-TANDA",PERSON
"TAPOS",PERSON
"TAV",PERSON
"TIYAK",PERSON
"TNT",PERSON
"TONGgressman",PERSON
"TONGressman Mandarambong",PERSON
"TONGressman",PERSON
"TRABAHO",PERSON
"TUKOY",PERSON
"TV",PERSON
"Taal Lake",PERSON
"Taal",PERSON
"Tactics",PERSON
"Tadeo;",PERSON
"Takang-taka",PERSON
"Takbo",PERSON
"Takot",PERSON
"Talaga",PERSON
"Talagang",PERSON
"Talamak",PERSON
"Talbo",PERSON
"Talbo?"",PERSON
"Talbog",PERSON
"Talvo",PERSON
"Tama",PERSON
"Tambunting",PERSON
"Tan",PERSON
"Tancangco",PERSON
"Tandaan",PERSON
"Tandaan:",PERSON
"Tanging Navotas",PERSON
"Tanging",PERSON
"Tanong",PERSON
"Tao",PERSON
"Tapat",PERSON
"Tapos",PERSON
"Tapusin",PERSON
"Task Force Jericho",PERSON
"Task Force",PERSON
"Task",PERSON
"Tata Poloniong",PERSON
"Tata",PERSON
"Tatawag",PERSON
"Tatawagin",PERSON
"Tatay",PERSON
"Tate",PERSON
"Tatlo",PERSON
"Tatlong",PERSON
"Tato",PERSON
"Taumbayan",PERSON
"Tayo?y",PERSON
"Templo",PERSON
"Teofisto",PERSON
"Teresita Lazaro",PERSON
"Teresita",PERSON
"Tessie Aquino Oreta",PERSON
"Tessie Aquino",PERSON
"Tessie",PERSON
"Thailand? Pero",PERSON
"Thailand?",PERSON
"Thanks",PERSON
"Thanksgiving Day",PERSON
"Thanksgiving",PERSON
"The",PERSON
"There",PERSON
"Theresa?s",PERSON
"Third Secretary ng Korean",PERSON
"Third Secretary ng South Korean",PERSON
"Third Secretary ng South",PERSON
"Third Secretary",PERSON
"Third",PERSON
"This",PERSON
"Tiangco",PERSON
"Tig-tatlo",PERSON
"Tiga!",PERSON
"Tiga",PERSON
"Tigilan",PERSON
"Tila",PERSON
"Times",PERSON
"Tina",PERSON
"Tinaasan",PERSON
"Tinaguriang",PERSON
"Tinamaan",PERSON
"Tinanggap",PERSON
"Tinanggi",PERSON
"Tinanggihan",PERSON
"Tinanong",PERSON
"Tinatawag",PERSON
"Tinatayang",PERSON
"Tinawag",PERSON
"Tingnan",PERSON
"Tinukoy",PERSON
"Tinuloy",PERSON
"Tinulungan",PERSON
"Tinupad",PERSON
"Tinuruan",PERSON
"Tisya"",PERSON
"Tita Cory",PERSON
"Tita",PERSON
"Titanium",PERSON
"Tiu Lim",PERSON
"Tiyak",PERSON
"Tiyaking",PERSON
"Toby",PERSON
"Toledo",PERSON
"Tomas",PERSON
"Tondo",PERSON
"Tony Santos",PERSON
"Tony",PERSON
"Torres Memorial",PERSON
"Torres",PERSON
"Total Accumulated Value",PERSON
"Total Accumulated",PERSON
"Total",PERSON
"Toto ng Makati",PERSON
"Toto",PERSON
"Totoo",PERSON
"Totoong",PERSON
"Totsie",PERSON
"Tourism Sec. Richard Gordon",PERSON
"Tourism Sec. Richard",PERSON
"Tourism Sec.",PERSON
"Tourism",PERSON
"Trabaho",PERSON
"Trabahong",PERSON
"Trade",PERSON
"Tranquilino",PERSON
"Transit",PERSON
"Transplant Institute",PERSON
"Transplant",PERSON
"Transportation",PERSON
"Trial Court",PERSON
"Trinidad ng IBC-13",PERSON
"Tsinoy",PERSON
"Tulad",PERSON
"Tulog",PERSON
"Tumakas",PERSON
"Tumanggi",PERSON
"Tumataas",PERSON
"Tumawag",PERSON
"Tumimo",PERSON
"Tumindig",PERSON
"Tumingin",PERSON
"Tunay",PERSON
"Tungkol",PERSON
"Tutol",PERSON
"Tuwang-tuwa",PERSON
"Tuwing",PERSON
"Tyron Medina ng Titanium",PERSON
"Tyron Medina",PERSON
"Tyron",PERSON
"UMANDAR",PERSON
"UMANGAT",PERSON
"UNICEF",PERSON
"UP DOC? ni Dr.",PERSON
"UP Manila",PERSON
"UP Marines",PERSON
"UP",PERSON
"US Defense Secreatry Paul",PERSON
"US Defense Secreatry",PERSON
"US Defense",PERSON
"US Embassy",PERSON
"US President George Bush",PERSON
"US President George",PERSON
"US President",PERSON
"US",PERSON
"US$20",PERSON
"US$5",PERSON
"USADA Ni Dante",PERSON
"USADA Ni",PERSON
"USADA ni Dante",PERSON
"USADA",PERSON
"USAP-USAPAN",PERSON
"Ubusin",PERSON
"Ugaliing",PERSON
"Umaabot",PERSON
"Umaangal",PERSON
"Umaani",PERSON
"Umaasa",PERSON
"Umaawit",PERSON
"Umandar",PERSON
"Umano?y",PERSON
"Umikot",PERSON
"Uminom",PERSON
"Umpisahan",PERSON
"Umugong",PERSON
"Umunlad",PERSON
"Unahin",PERSON
"Unang",PERSON
"Unang-una",PERSON
"Unilab; Jarius",PERSON
"Unilab;",PERSON
"Union",PERSON
"United Arab",PERSON
"United",PERSON
"Uno",PERSON
"Unos",PERSON
"Unti-unti",PERSON
"Upang",PERSON
"Urban Development Coordinating",PERSON
"Urban Development",PERSON
"Urban",PERSON
"Urdaneta",PERSON
"Uso",PERSON
"Utang",PERSON
"V. Francisco",PERSON
"VACC",PERSON
"Valderama St.",PERSON
"Valderama",PERSON
"Valenzuela",PERSON
"Value",PERSON
"Vera ng E-Just",PERSON
"Vera",PERSON
"Vice President Teofisto Guingona",PERSON
"Vice President Teofisto",PERSON
"Vice President",PERSON
"Vice",PERSON
"Vicente Sandoval",PERSON
"Vicente",PERSON
"Victor",PERSON
"Villaluz",PERSON
"Villareal",PERSON
"Villaruel",PERSON
"Virtus",PERSON
"Visayas",PERSON
"Visiting Forces Agreement",PERSON
"Visiting Forces",PERSON
"Visiting",PERSON
"WALA",PERSON
"WALANG",PERSON
"WPD",PERSON
"WPD-PS8",PERSON
"Wagas",PERSON
"Wahab",PERSON
"Wala",PERSON
"Walang",PERSON
"Walong",PERSON
"We",PERSON
"Weepee",PERSON
"Welfare",PERSON
"Wenceslao Agnir Jr. ng RTC",PERSON
"Western Police District",PERSON
"Western Police",PERSON
"Western",PERSON
"What",PERSON
"Whether",PERSON
"White",PERSON
"Wilhelm",PERSON
"William",PERSON
"Willie Cruz",PERSON
"Willie",PERSON
"Wilm's",PERSON
"Wilm?s",PERSON
"Workmen?s Compensation Act",PERSON
"Workmen?s Compensation",PERSON
"Workmen?s",PERSON
"World Environment Day",PERSON
"World Environment Day?",PERSON
"World Environment",PERSON
"World Health Organization",PERSON
"World Health",PERSON
"World Summit",PERSON
"World War II",PERSON
"World War",PERSON
"World",PERSON
"YES! Kailangang",PERSON
"YES!",PERSON
"YOU",PERSON
"Yamang",PERSON
"Yan",PERSON
"Yap",PERSON
"You",PERSON
"Young Officers",PERSON
"Young",PERSON
"Younger",PERSON
"Your Honor!",PERSON
"Your",PERSON
"Yun",PERSON
"Yung",PERSON
"Zamboanga",PERSON
"Zapata",PERSON
"Zebedeo;",PERSON
"Zena",PERSON
